SMILES,title,i_i_glide_lignum,docking_status,r_glide_cpu_time,r_i_docking_score,s_i_glide_gridfile,r_i_glide_gscore,r_i_glide_lipo,r_i_glide_hbond,r_i_glide_metal,r_i_glide_rewards,r_i_glide_evdw,r_i_glide_ecoul,r_i_glide_erotb,r_i_glide_esite,r_i_glide_emodel,r_i_glide_energy,r_i_glide_einternal
CC[NH+]1CCN(Cc2ccc(Nc3ncc(F)c(-c4cc(F)c5nc(C)n(C(C)C)c5c4)n3)nc2)CC1,"46220502",2,Done,4.31,-4.06753,"5edu_chain-A_Grid",-4.20643,-1.00397,-0.456,-0,-0.173461,-30.5922,-8.16299,0.397187,-0.216128,-50.9018,-38.7552,1.68964
CCN1CCN(Cc2ccc(Nc3ncc(F)c(-c4cc(F)c5nc(C)n(C(C)C)c5c4)n3)nc2)CC1,"46220502",3,Done,3.43,-2.81001,"5edu_chain-A_Grid",-3.88241,-1.32169,-0.107686,-0.294494,-0.0727205,-38.7405,-3.35088,0.398638,-0.0447985,-50.9896,-42.0914,2.80671
CCN1CC[NH+](Cc2ccc(Nc3ncc(F)c(-c4cc(F)c5nc(C)n(C(C)C)c5c4)n3)nc2)CC1,"46220502",4,Done,3.12,-2.30274,"5edu_chain-A_Grid",-4.18524,-1.41604,0,-0,-0.65178,-35.7373,-4.10393,0.397187,-0.112157,-48.8382,-39.8412,6.75889
C[C@H]1O[C@H](O[C@H]2[C@H](O)[C@@H](O)[C@@H](O[C@@H]([C@H](O)[C@@H](O)C=O)[C@H](O)CO)O[C@@H]2CO)[C@H](O)[C@@H](O)[C@@H]1[NH2+][C@H]1C=C(CO)[C@@H](O)[C@H](O)[C@H]1O,"9811704",5,Done,51.89,-5.05996,"5edu_chain-A_Grid",-5.29366,-0.555386,-0.192952,-0,-0.078667,-32.4784,-22.0184,0.460178,-0.000144277,-63.8112,-54.4969,22.5805
C[C@H]1O[C@H](O[C@H]2[C@H](O)[C@@H](O)[C@@H](O[C@@H]([C@H](O)[C@@H](O)C=O)[C@H](O)CO)O[C@@H]2CO)[C@H](O)[C@@H](O)[C@@H]1N[C@H]1C=C(CO)[C@@H](O)[C@H](O)[C@H]1O,"9811704",6,Done,47.62,-4.89606,"5edu_chain-A_Grid",-5.56026,-0.694844,-0.32,-0,0,-20.1591,-27.9699,0.462545,0,-56.4281,-48.1291,22.794
Cc1ccc(/C(=C\C[NH+]2CCCC2)c2cccc(/C=C/C(=O)[O-])n2)cc1,"5284514",7,Done,3.82,-6.39847,"5edu_chain-A_Grid",-6.41147,-1.98954,-0.36,-0,-1.19171,-27.1577,-14.6422,0.783985,-0.1,-70.0251,-41.7999,3.07338
Cc1ccc(/C(=C\CN2CCCC2)c2cccc(/C=C/C(=O)[O-])n2)cc1,"5284514",8,Done,3.73,-4.43825,"5edu_chain-A_Grid",-6.71385,-2.08743,-0.36,-0,-1.15004,-30.9555,-15.0442,0.788031,-0.1,-74.596,-45.9997,6.01178
C=C(F)C(=O)N1CCN(c2nc(OC[C@@H]3CCC[N@H+]3C)nc3c2CCN(c2cccc4cccc(Cl)c24)C3)C[C@@H]1CC#N,"138611145",9,Done,3.88,-5.21688,"5edu_chain-A_Grid",-5.23018,-1.19812,-0.618001,-0,-0.466618,-37.7924,-8.64298,0.338628,-0.1,-59.415,-46.4354,8.67625
C=C(F)C(=O)N1CCN(c2nc(OC[C@@H]3CCC[N@@H+]3C)nc3c2CCN(c2cccc4cccc(Cl)c24)C3)C[C@@H]1CC#N,"138611145",10,Done,3.44,-4.23214,"5edu_chain-A_Grid",-4.24544,-1.70399,-0.2,-0,0.832753,-36.6585,-10.5327,0.338628,-0.1,-51.827,-47.1913,14.0573
C=C(F)C(=O)N1CCN(c2nc(OC[C@@H]3CCCN3C)nc3c2CCN(c2cccc4cccc(Cl)c24)C3)C[C@@H]1CC#N,"138611145",11,Done,3.64,-2.17294,"5edu_chain-A_Grid",-4.62434,-1.39391,-0.32,-0,-0.567666,-38.1956,-5.15886,0.340839,0,-51.8281,-43.3544,6.68668
O=C1c2c(O)cccc2[C@@H]([C@@H]2O[C@H](CO)[C@@H](O)[C@H](O)[C@H]2O)c2cc(CO)cc(O)c21,"9866696",12,Done,6.63,-4.59134,"5edu_chain-A_Grid",-4.60894,-1.43071,0,-0,-0.664738,-28.7587,-9.42952,0.338877,0,-47.7757,-38.1882,2.53898
O=C1c2c(O)cccc2[C@H]([C@@H]2O[C@H](CO)[C@@H](O)[C@H](O)[C@H]2O)c2cc(CO)cc(O)c21,"9866696",13,Done,6.27,-4.60819,"5edu_chain-A_Grid",-4.62579,-1.50652,0,-0,-0.662321,-24.6382,-10.4261,0.338877,0,-45.0845,-35.0643,1.80795
O=C1c2c([O-])cc(CO)cc2[C@H]([C@@H]2O[C@H](CO)[C@@H](O)[C@H](O)[C@H]2O)c2cccc(O)c21,"9866696",14,Done,5.66,-2.2981,"5edu_chain-A_Grid",-4.6194,-1.49053,-0.111998,-0,-0.67161,-28.1966,-8.50523,0.340357,0,-47.896,-36.7018,1.60872
O=C1c2c([O-])cc(CO)cc2[C@@H]([C@@H]2O[C@H](CO)[C@@H](O)[C@H](O)[C@H]2O)c2cccc(O)c21,"9866696",15,Done,5.52,-2.35839,"5edu_chain-A_Grid",-4.67969,-1.54409,-0.139752,-0,-0.686705,-23.4431,-9.84898,0.340357,0,-43.8717,-33.2921,2.44867
Cc1nc(NC(=O)N2CCC[C@H]2C(N)=O)sc1-c1ccnc(C(C)(C)C(F)(F)F)c1,"56649450",16,Done,4,-5.12366,"5edu_chain-A_Grid",-5.14066,-0.960057,-0.608346,-0,-1.04945,-31.9356,-8.99976,0.512457,-0.0885145,-53.1001,-40.9354,1.44432
Cc1nc([N-]C(=O)N2CCC[C@H]2C(N)=O)sc1-c1ccnc(C(C)(C)C(F)(F)F)c1,"56649450",17,Done,4.84,-2.79182,"5edu_chain-A_Grid",-4.92772,-1.41936,-0.32,-0,-1.26767,-35.2029,-4.50086,0.514588,0,-50.6738,-39.7038,2.06213
CCOC(=O)C1=C(COCC[NH3+])NC(C)=C(C(=O)OC)[C@H]1c1ccccc1Cl,"2162",18,Done,6.98,-3.94607,"5edu_chain-A_Grid",-3.94947,-0.850279,-0.2,-0,-0.756117,-25.1835,-10.671,0.820602,-0.103855,-46.4102,-35.8544,4.41093
CCOC(=O)C1=C(COCC[NH3+])NC(C)=C(C(=O)OC)[C@@H]1c1ccccc1Cl,"2162",19,Done,7.14,-5.09019,"5edu_chain-A_Grid",-5.09359,-1.03985,-0.484363,-0,-0.899694,-30.9565,-12.2831,0.820602,-0.1,-61.3114,-43.2396,1.57178
C[C@@H](O[C@H]1OCCN(Cc2n[nH]c(=O)[nH]2)[C@H]1c1ccc(F)cc1)c1cc(C(F)(F)F)cc(C(F)(F)F)c1,"135413536",20,Done,4.24,-5.01662,"5edu_chain-A_Grid",-5.05942,-0.896142,-0.495322,-0.868593,0,-36.8082,-8.48148,0.433559,-0.120287,-58.3005,-45.2897,4.76314
C[C@@H](O[C@H]1OCCN(Cc2n[nH]c(=O)[n-]2)[C@H]1c1ccc(F)cc1)c1cc(C(F)(F)F)cc(C(F)(F)F)c1,"135413536",21,Done,4.36,-4.39506,"5edu_chain-A_Grid",-6.00736,-0.551183,-0.291379,-2.3,0,-33.6844,-8.98552,0.435069,-0.267817,-61.4191,-42.6699,4.82429
C[C@@H](O[C@H]1OCCN(Cc2n[n-]c(=O)[nH]2)[C@H]1c1ccc(F)cc1)c1cc(C(F)(F)F)cc(C(F)(F)F)c1,"135413536",22,Done,5.25,-1.8911,"5edu_chain-A_Grid",-5.4066,-0.882456,-0.32,-1.6859,0,-30.7892,-8.20811,0.435069,-0.18263,-54.8938,-38.9973,9.22211
COc1ccc(-c2sc3cc(O)ccc3c2Oc2ccc(OCC[NH+]3CCCCC3)cc2)cc1,"179337",23,Done,5.66,-4.64674,"5edu_chain-A_Grid",-4.69044,-1.84638,-0.2,-0,-0.276624,-34.8151,-7.07725,0.534903,-0.1,-55.7959,-41.8924,3.07981
COc1ccc(-c2sc3cc(O)ccc3c2Oc2ccc(OCCN3CCCCC3)cc2)cc1,"179337",24,Done,5.6,-3.41123,"5edu_chain-A_Grid",-5.05043,-2.68052,-0.32,-0,-0.34969,-38.3593,-2.12822,0.536975,0,-50.4036,-40.4875,6.41766
O=C(Nc1ccc(OC(F)(F)Cl)cc1)c1cnc(N2CC[C@@H](O)C2)c(-c2cc[nH]n2)c1,"72165228",25,Done,5.53,-3.38371,"5edu_chain-A_Grid",-3.50551,-1.49369,0,-0,-0.306372,-36.396,-3.19863,0.594328,-0.000183005,-43.7684,-39.5947,7.5171
O=C(Nc1ccc(OC(F)(F)Cl)cc1)c1cnc(N2CC[C@@H](O)C2)c(-c2ccn[nH]2)c1,"72165228",26,Done,2.78,-2.55403,"5edu_chain-A_Grid",-3.55273,-1.65995,-0.10693,-0,0.00741245,-33.9762,-4.37468,0.594328,-0.0325782,-43.7794,-38.3509,2.48517
COc1ccc(CC[NH+]2CCC(Nc3nc4ccccc4n3Cc3ccc(F)cc3)CC2)cc1,"2247",27,Done,4.48,-6.41429,"5edu_chain-A_Grid",-6.77779,-1.39656,-0.32,-2.3,-0.89198,-31.6528,-6.35659,0.666874,0,-51.8755,-38.0094,10.747
COc1ccc(CC[NH+]2CCC(Nc3[nH+]c4ccccc4n3Cc3ccc(F)cc3)CC2)cc1,"2247",28,Done,3.85,-6.25514,"5edu_chain-A_Grid",-6.91174,-1.84987,-0.32,-2.3,-0.381794,-30.5844,-7.96713,0.664218,0,-58.2118,-38.5515,8.75597
COc1ccc(CCN2CCC(Nc3[nH+]c4ccccc4n3Cc3ccc(F)cc3)CC2)cc1,"2247",29,Done,4.35,-5.00396,"5edu_chain-A_Grid",-6.69426,-1.62747,-0.32,-2.3,-0.423237,-29.6738,-8.0449,0.666874,0,-55.1253,-37.7188,6.68764
COc1ccc(CCN2CCC(Nc3nc4ccccc4n3Cc3ccc(F)cc3)CC2)cc1,"2247",30,Done,3.71,-4.49714,"5edu_chain-A_Grid",-6.30404,-1.60929,-0.32,-2.3,-0.341899,-33.0336,-5.00476,0.669546,0,-50.149,-38.0384,7.1013
COc1ccc(CC[NH+]2CCC(/N=c3\[nH]c4ccccc4n3Cc3ccc(F)cc3)CC2)cc1,"2247",31,Done,4.55,-2.99745,"5edu_chain-A_Grid",-5.31075,-1.84884,-0.587621,-0,-0.408817,-30.2684,-9.80565,0.571606,-0.0528105,-47.078,-40.0741,14.6588
CNC(=O)c1ccccc1Sc1ccc2c(/C=C/c3ccccn3)n[nH]c2c1,"6450551",32,Done,2.51,-3.90483,"5edu_chain-A_Grid",-4.06233,-1.45431,0,-0,-1.00302,-35.5454,-2.9074,0.651573,-0.0431915,-47.2106,-38.4528,2.39727
CNC(=O)c1ccccc1Sc1ccc2c(/C=C/c3ccccn3)[nH]nc2c1,"6450551",33,Done,2.2,-4.2618,"5edu_chain-A_Grid",-5.1361,-1.22223,-0.16,-0,-0.997649,-34.1957,-10.6534,0.651573,-0.1,-56.8213,-44.8491,4.97324
COC(=O)OCOc1c2n(ccc1=O)N([C@@H]1c3ccccc3SCc3c1ccc(F)c3F)[C@@H]1COCCN1C2=O,"124081896",34,Done,2.7,-7.02424,"5edu_chain-A_Grid",-7.02424,-1.19377,-0.493743,-2.3,0.0126942,-37.6375,-8.63391,0.227813,-0.100272,-60.8948,-46.2714,6.24375
O=C(/C=C/c1cccc(S(=O)(=O)Nc2ccccc2)c1)NO,"6918638",35,Done,3.04,-8.26536,"5edu_chain-A_Grid",-8.42486,-1.50059,-0.436421,-2.3,-0.885115,-31.6449,-17.4951,1.10376,-0.2,-76.4438,-49.1399,4.52364
O=C(/C=C/c1cccc(S(=O)(=O)[N-]c2ccccc2)c1)NO,"6918638",36,Done,2.45,-7.73331,"5edu_chain-A_Grid",-8.83991,-1.56614,-0.608,-2.3,-0.99155,-32.8578,-17.6085,1.10994,-0.2,-80.7454,-50.4663,2.88581
O=C(/C=C/c1cccc(S(=O)(=O)Nc2ccccc2)c1)N[O-],"6918638",37,Done,2.32,-7.62489,"5edu_chain-A_Grid",-8.15519,-1.43964,-0.575323,-1.75192,-0.890667,-19.6657,-21.5954,0.924953,-0.2,-86.0851,-41.2611,2.34633
O=C(/C=C/c1cccc(S(=O)(=O)[N-]c2ccccc2)c1)N[O-],"6918638",38,Done,2.02,-6.99324,"5edu_chain-A_Grid",-8.47054,-1.57351,-0.571942,-1.76046,-1.00153,-19.3004,-22.1881,0.930146,-0.2,-91.4648,-41.4886,1.95219
CC(C)NC(=O)COc1cccc(-c2nc(Nc3ccc4[nH]ncc4c3)c3ccccc3n2)c1,"11950170",39,Done,3.93,-4.70041,"5edu_chain-A_Grid",-4.79961,-1.15431,-0.639213,-0,-0.394207,-38.6408,-8.66019,0.685961,-0.066767,-58.9988,-47.301,5.60435
CC(C)NC(=O)COc1cccc(-c2nc(Nc3ccc4n[nH]cc4c3)c3ccccc3n2)c1,"11950170",40,Done,3.87,-5.7405,"5edu_chain-A_Grid",-8.0469,-1.81515,-0.563112,-2.3,-0.564968,-31.1554,-12.1859,0.685961,-0.10398,-58.6914,-43.3413,13.4417
CC(C)NC(=O)COc1cccc(-c2nc(Nc3ccc4[nH]ncc4c3)c3ccccc3[nH+]2)c1,"11950170",41,Done,4.09,-2.56408,"5edu_chain-A_Grid",-4.20318,-0.967005,-0.154053,-0,-0.316458,-31.3537,-11.8889,0.683191,-0.0978249,-56.2561,-43.2426,1.81815
CC(C)NC(=O)COc1cccc(-c2nc(Nc3ccc4n[nH]cc4c3)c3ccccc3[nH+]2)c1,"11950170",42,Done,4.04,-1.27011,"5edu_chain-A_Grid",-3.81761,-0.674939,-0.16,-0,-0.528727,-32.0878,-9.55159,0.683191,-0.1,-53.944,-41.6394,0.722683
CC(C)(C)CC(C)(C)c1ccc(OCCOCC[N+](C)(C)Cc2ccccc2)cc1,"2335",43,Done,12.53,-3.08171,"5edu_chain-A_Grid",-3.08171,-1.5142,0,-0,-0.745707,-30.3583,-3.0396,1.15826,-0.00620564,-37.6083,-33.3979,5.99724
CO[C@H]1C(=O)[C@]2(C)[C@@H](OC)C[C@H]3OC[C@@]3(OC(C)=O)[C@H]2[C@H](OC(=O)c2ccccc2)[C@]2(O)C[C@H](OC(=O)[C@H](O)[C@@H](NC(=O)OC(C)(C)C)c3ccccc3)C(C)=C1C2(C)C,"9854073",52,Done,11.17,0.170411,"5edu_chain-A_Grid",0.169411,-0.888506,0,-0,2.84355,-35.3902,-1.00072,0.13407,-8.63828e-05,-17.2961,-36.3909,21.841
C=CCN1C[C@H](C(=O)N(CCC[NH+](C)C)C(=O)NCC)C[C@@H]2c3cccc4[nH]cc(c34)C[C@H]21,"54746",53,Done,6.19,-3.16549,"5edu_chain-A_Grid",-3.20729,-0.976402,-0.177646,-0,-0.379503,-24.4792,-8.20903,0.88158,-0.1,-38.1961,-32.6883,6.32032
C=CC[N@@H+]1C[C@H](C(=O)N(CCC[NH+](C)C)C(=O)NCC)C[C@@H]2c3cccc4[nH]cc(c34)C[C@H]21,"54746",54,Done,6.04,-3.36163,"5edu_chain-A_Grid",-5.23093,-1.17014,-0.456,-0,-1.02112,-28.4633,-12.8983,0.87802,-0.103779,-52.4824,-41.3616,10.4664
C=CC[N@H+]1C[C@H](C(=O)N(CCC[NH+](C)C)C(=O)NCC)C[C@@H]2c3cccc4[nH]cc(c34)C[C@H]21,"54746",55,Done,4.36,0.101725,"5edu_chain-A_Grid",-1.76757,-1.02319,0,-0,0.158696,-24.0115,-3.80215,0.87802,-0.0102023,-26.4064,-27.8137,7.49567
C=CCN1C[C@H](C(=O)N(CCCN(C)C)C(=O)NCC)C[C@@H]2c3cccc4[nH]cc(c34)C[C@H]21,"54746",56,Done,5.45,-1.64444,"5edu_chain-A_Grid",-3.81974,-1.48813,-0.156922,-0,-0.328461,-37.7458,-5.43999,0.885162,-0.0281067,-44.3764,-43.1858,17.0985
CCOc1nc2cccc(C(=O)O[C@@H](C)OC(=O)OC3CCCCC3)c2n1Cc1ccc(-c2ccccc2-c2nn[n-]n2)cc1,"2540",57,Done,9.1,-4.65029,"5edu_chain-A_Grid",-4.65389,-2.12782,-0.0917351,-0,-0.133567,-47.1263,-2.87877,0.49873,-0.0113697,-60.6173,-50.0051,6.50066
CCOc1nc2cccc(C(=O)O[C@H](C)OC(=O)OC3CCCCC3)c2n1Cc1ccc(-c2ccccc2-c2nn[n-]n2)cc1,"2540",58,Done,8.45,-2.83402,"5edu_chain-A_Grid",-2.83762,-0.896323,-0.00625186,-0,0.0177644,-36.5856,-3.94348,0.49873,-0.0307442,-44.6392,-40.529,6.91426
NC(=O)N/C=C1/NC(=O)[C@H](CNC(=O)C[C@@H](N)CCC[NH3+])NC(=O)[C@H](CO)NC(=O)[C@@H](N)CNC(=O)[C@H]([C@H]2CC[NH+]=C(N)N2)NC1=O,"3000502",59,Done,14.5,-5.86301,"5edu_chain-A_Grid",-5.88711,-0.678686,-0.539128,-0,-0.366846,-33.0406,-18.6197,0.312118,-0.169591,-71.3213,-51.6602,13.3707
[H]/N=C1\NCC[C@H]([C@@H]2NC(=O)/C(=C\NC(N)=O)NC(=O)[C@H](CNC(=O)C[C@@H]([NH3+])CCC[NH3+])NC(=O)[C@H](CO)NC(=O)[C@@H](N)CNC2=O)N1,"3000502",60,Done,15.28,-4.20053,"5edu_chain-A_Grid",-6.56993,-0.279971,-0.966983,-0,-0.254707,-28.0158,-25.4075,0.312118,-0.168471,-68.0176,-53.4233,23.4916
NCCC[C@H]([NH3+])CC(=O)NC[C@@H]1NC(=O)[C@H](CO)NC(=O)[C@@H](N)CNC(=O)[C@H]([C@H]2CC[NH+]=C(N)N2)NC(=O)/C(=C\NC(N)=O)NC1=O,"3000502",61,Done,15.21,-4.54603,"5edu_chain-A_Grid",-6.93463,-0.602718,-0.52586,-1.7943,-0.455483,-31.9354,-14.9021,0.312118,-0.0363004,-65.4087,-46.8375,17.1544
N[C@@H](C(=O)N[C@@H]1C(=O)N2C(C(=O)[O-])=C(Cl)CS[C@H]12)c1ccccc1,"51039",63,Done,1.99,-3.62324,"5edu_chain-A_Grid",-3.90554,-0.442696,-0.530335,-0,-1.29711,-27.0955,-4.73258,0.429266,0,-37.8126,-31.8281,3.50163
[NH3+][C@@H](C(=O)N[C@@H]1C(=O)N2C(C(=O)[O-])=C(Cl)CS[C@H]12)c1ccccc1,"51039",64,Done,2.72,-3.60757,"5edu_chain-A_Grid",-4.23187,-0.47382,-0.32,-0,-1.83358,-25.8544,-4.92606,0.427168,0,-41.0426,-30.7805,1.8052
[NH3+][C@@H](C(=O)[N-][C@@H]1C(=O)N2C(C(=O)[O-])=C(Cl)CS[C@H]12)c1ccccc1,"51039",65,Done,2.14,-1.71071,"5edu_chain-A_Grid",-3.80441,-0.330923,-0.220818,-0,-1.27654,-20.6376,-8.923,0.429266,-0.0350604,-38.8816,-29.5606,0.419327
Cn1nnnc1SCC1=C(C(=O)[O-])N2C(=O)[C@@H](NC(=O)[C@H](OC=O)c3ccccc3)[C@H]2SC1,"5284527",66,Done,4.81,-2.66565,"5edu_chain-A_Grid",-2.67985,-0.553454,-0.275176,-0,-0.112895,-31.4436,-5.04086,0.594315,-0.0043337,-42.2793,-36.4845,3.57901
Cn1nnnc1SCC1=C(C(=O)[O-])N2C(=O)[C@@H]([N-]C(=O)[C@H](OC=O)c3ccccc3)[C@H]2SC1,"5284527",67,Done,5.68,-1.22105,"5edu_chain-A_Grid",-3.43855,-0.837387,-0.130162,-0,-0.0784163,-36.7848,-6.49248,0.596561,-0.176032,-48.4513,-43.2773,9.93367
CO[C@@]1(NC(=O)C2SC(=C(C(N)=O)C(=O)[O-])S2)C(=O)N2C(C(=O)[O-])=C(CSc3nnnn3C)CS[C@@H]21,"53025",68,Done,6.38,-3.46394,"5edu_chain-A_Grid",-4.11484,-0.579075,-0.239104,-0,0.000213196,-31.275,-11.9859,0.413919,-0.349155,-53.2836,-43.2609,5.51578
C/C=C/C1=C(C(=O)[O-])N2C(=O)[C@@H](NC(=O)[C@H](N)c3ccc(O)cc3)[C@H]2SC1,"62977",69,Done,4.23,-7.21437,"5edu_chain-A_Grid",-7.42817,-1.13818,-0.704667,-2.1806,-0.968228,-28.1873,-11.1523,0.645719,0,-52.4512,-39.3396,15.8577
C/C=C\C1=C(C(=O)[O-])N2C(=O)[C@@H](NC(=O)[C@H](N)c3ccc(O)cc3)[C@H]2SC1,"62977",70,Done,4.93,-6.99639,"5edu_chain-A_Grid",-7.21019,-1.03141,-0.580167,-2.05671,-0.969115,-29.1452,-11.7417,0.645719,0,-56.591,-40.8869,12.8903
C/C=C/C1=C(C(=O)[O-])N2C(=O)[C@@H](NC(=O)[C@H]([NH3+])c3ccc(O)cc3)[C@H]2SC1,"62977",71,Done,4.41,-6.53773,"5edu_chain-A_Grid",-7.30133,-0.992091,-0.616587,-1.94579,-1.38386,-24.2406,-11.9579,0.642722,0,-49.9008,-36.1985,12.3214
C/C=C\C1=C(C(=O)[O-])N2C(=O)[C@@H](NC(=O)[C@H]([NH3+])c3ccc(O)cc3)[C@H]2SC1,"62977",72,Done,5.27,-7.15506,"5edu_chain-A_Grid",-7.91866,-1.12432,-0.624848,-2.07367,-1.34446,-27.398,-13.4945,0.642722,0,-62.5198,-40.8925,12.2336
C/C=C/C1=C(C(=O)[O-])N2C(=O)[C@@H]([N-]C(=O)[C@H]([NH3+])c3ccc(O)cc3)[C@H]2SC1,"62977",73,Done,4.96,-5.06155,"5edu_chain-A_Grid",-7.71205,-1.15801,-0.601599,-1.96437,-1.36284,-27.3034,-12.7051,0.645719,0,-57.4612,-40.0086,14.232
C/C=C\C1=C(C(=O)[O-])N2C(=O)[C@@H]([N-]C(=O)[C@H]([NH3+])c3ccc(O)cc3)[C@H]2SC1,"62977",74,Done,5.18,-5.02198,"5edu_chain-A_Grid",-7.67248,-1.1452,-0.633243,-1.83017,-1.33028,-28.2647,-13.1072,0.645719,0,-62.5031,-41.3719,9.58191
C/C=C/C1=C(C(=O)[O-])N2C(=O)[C@@H](NC(=O)[C@H](N)c3ccc([O-])cc3)[C@H]2SC1,"62977",75,Done,3.31,-1.46097,"5edu_chain-A_Grid",-4.23967,-1.10474,-0.342313,-0,-0.969509,-20.0114,-8.94355,0.518991,0,-43.7315,-28.955,6.60381
C/C=C\C1=C(C(=O)[O-])N2C(=O)[C@@H](NC(=O)[C@H](N)c3ccc([O-])cc3)[C@H]2SC1,"62977",76,Done,3.17,-1.77007,"5edu_chain-A_Grid",-4.54877,-1.13037,-0.400988,-0,-0.975977,-20.5259,-10.2275,0.518991,-4.26298e-06,-46.1525,-30.7534,8.54945
CC(C)(O/N=C(\C(=O)N[C@@H]1C(=O)N2C(C(=O)[O-])=C(C[n+]3ccccc3)CS[C@H]12)c1csc(N)n1)C(=O)[O-],"5481173",77,Done,6.69,-3.70152,"5edu_chain-A_Grid",-3.70162,-0.3556,-0.243266,-0,-0.373369,-28.8789,-11.8451,0.556496,-0.0651719,-53.1203,-40.724,4.39983
Cc1oc(=O)oc1COC(=O)N1CC[C@@H](N2CC/C(=C\C3=C(C(=O)[O-])N4C(=O)[C@@H](NC(=O)/C(=N\O)c5nsc(N)n5)[C@H]4SC3)C2=O)C1,"135413544",78,Done,8.58,-4.3727,"5edu_chain-A_Grid",-4.3987,-1.14248,-0.469096,-0,0.14081,-50.4958,-3.86042,0.324223,-0.148305,-59.9809,-54.3562,13.1051
Cn1c(N)c(NC(=O)NCC[NH3+])c[n+]1CC1=C(C(=O)[O-])N2C(=O)[C@@H](NC(=O)/C(=N\OC(C)(C)C(=O)[O-])c3nsc(N)n3)[C@H]2SC1,"53234134",80,Done,11.42,-6.40373,"5edu_chain-A_Grid",-6.43373,-0.529218,-0.825257,-0,0.0470116,-23.6833,-25.762,0.415381,-0.493191,-70.6223,-49.4452,17.5393
Cn1c(N)c(NC(=O)NCCN)c[n+]1CC1=C(C(=O)[O-])N2C(=O)[C@@H](NC(=O)/C(=N\OC(C)(C)C(=O)[O-])c3nsc(N)n3)[C@H]2SC1,"53234134",81,Done,12.12,-4.28527,"5edu_chain-A_Grid",-6.30027,-0.559826,-0.64404,-0,0.0573117,-30.2353,-24.2259,0.417527,-0.425583,-73.7664,-54.4612,13.8411
CC(=O)OCC1=C(C(=O)[O-])N2C(=O)[C@@H](NC(=O)[C@H](N)c3ccccc3)[C@H]2SC1,"19150",82,Done,4.08,-5.0698,"5edu_chain-A_Grid",-5.3583,-1.09424,-0.412759,-1.13798,-0.740694,-28.4208,-6.97244,0.600503,-0.106228,-49.8098,-35.3932,2.74557
CC(=O)OCC1=C(C(=O)[O-])N2C(=O)[C@@H](NC(=O)[C@H]([NH3+])c3ccccc3)[C@H]2SC1,"19150",83,Done,4.23,-5.19356,"5edu_chain-A_Grid",-5.79896,-0.922442,-0.554697,-0.923029,-0.775957,-23.1507,-12.7012,0.597815,-0.157943,-52.484,-35.8518,4.49026
CC(=O)OCC1=C(C(=O)[O-])N2C(=O)[C@@H]([N-]C(=O)[C@H]([NH3+])c3ccccc3)[C@H]2SC1,"19150",84,Done,4.37,-3.07177,"5edu_chain-A_Grid",-5.27097,-1.04254,-0.418197,-1.13813,-0.735028,-28.3152,-6.77493,0.600503,-0.105576,-51.107,-35.0902,2.8064
CC(C)/[NH+]=c1\cc2n(-c3ccc(Cl)cc3)c3ccccc3nc-2cc1Nc1ccc(Cl)cc1,"2794",86,Done,2.69,-4.97147,"5edu_chain-A_Grid",-4.98387,-1.75384,-0.097879,-0,-0.382853,-30.816,-10.049,0.359634,-0.0607774,-50.2731,-40.8651,7.66495
CC(C)/N=c1\cc2n(-c3ccc(Cl)cc3)c3ccccc3nc-2cc1Nc1ccc(Cl)cc1,"2794",87,Done,2.26,-1.53869,"5edu_chain-A_Grid",-3.83759,-1.64171,0,-0,-0.348059,-39.3967,-1.54315,0.361033,-0.00754967,-45.0725,-40.9399,11.1379
Clc1ccccc1C(c1ccccc1)(c1ccccc1)n1ccnc1,"2812",88,Done,1.47,-3.75101,"5edu_chain-A_Grid",-3.75171,-1.69742,0,-0,-1.22857,-27.9364,-0.451771,0.63887,0,-31.6847,-28.3882,6.33078
C[C@]1(COc2ccc(N3CCC(Oc4ccc(OC(F)(F)F)cc4)CC3)cc2)Cn2cc([N+](=O)[O-])nc2O1,"6480466",380,Done,4.51,-3.85056,"5edu_chain-A_Grid",-3.85116,-1.31754,-0.470513,-0,0.283112,-38.5961,-5.77455,0.505718,-0.0559503,-48.4582,-44.3706,12.5961
CC(C)Nc1cccnc1N1CCN(C(=O)c2cc3cc(NS(C)(=O)=O)ccc3[nH]2)CC1,"5625",381,Done,5.03,-6.1,"5edu_chain-A_Grid",-6.1256,-2.04697,0,-0,-0.465611,-33.4391,-13.9159,0.482084,-0.335774,-59.6929,-47.3549,8.8613
CC(C)Nc1cccnc1N1CCN(C(=O)c2cc3cc([N-]S(C)(=O)=O)ccc3[nH]2)CC1,"5625",382,Done,4.27,-4.80476,"5edu_chain-A_Grid",-5.25456,-1.72314,-0.16,-0,-0.45594,-30.0927,-10.5638,0.484027,-0.310301,-50.9227,-40.6565,6.99916
CC(C)Nc1ccc[nH+]c1N1CCN(C(=O)c2cc3cc(NS(C)(=O)=O)ccc3[nH]2)CC1,"5625",383,Done,5.52,-1.44799,"5edu_chain-A_Grid",-3.89249,-1.35991,-0.141644,-0,-0.273088,-37.2989,-4.18759,0.480152,-0.104926,-51.5426,-41.4865,2.26825
CC[NH2+][C@@H](C)Cc1cccc(C(F)(F)F)c1,"66265",384,Done,2.09,-4.45639,"5edu_chain-A_Grid",-4.45939,-1.63176,0,-0,-2.02717,-17.602,-3.81831,0.952397,-0.3,-28.8819,-21.4204,4.90794
Cc1c(OCC(F)(F)F)ccnc1C[S@@](=O)c1nc2ccccc2[nH]1,"9578005",385,Done,2.02,-3.99728,"5edu_chain-A_Grid",-4.33368,-0.730868,-0.16,-0,-1.30869,-24.3401,-9.57823,0.706602,-0.186981,-42.9902,-33.9183,2.04268
Cc1c(OCC(F)(F)F)cc[nH+]c1C[S@@](=O)c1nc2ccccc2[nH]1,"9578005",386,Done,2.63,-4.02012,"5edu_chain-A_Grid",-4.54862,-0.84021,0,-0,-1.46286,-25.944,-10.5931,0.703169,-0.0625519,-48.9056,-36.5371,1.44338
Cc1c(OCC(F)(F)F)ccnc1C[S@@](=O)c1nc2ccccc2[n-]1,"9578005",387,Done,1.47,-2.19356,"5edu_chain-A_Grid",-4.71816,-0.811926,-0.486748,-0,-1.54502,-24.6801,-9.0035,0.71006,0,-42.7505,-33.6835,1.57072
Cc1c(OCC(F)(F)F)cc[nH+]c1C[S@@](=O)c1nc2ccccc2[n-]1,"9578005",388,Done,2.01,-2.25779,"5edu_chain-A_Grid",-5.03099,-0.938412,-0.469036,-0,-1.36472,-24.7585,-11.5074,0.706602,-0.00138588,-47.6559,-36.2659,0.901153
CC(=O)O[C@@]12CO[C@@H]1C[C@H](O)[C@@]1(C)C(=O)[C@H](O)C3=C(C)[C@@H](OC(=O)[C@H](O)[C@@H](NC(=O)OC(C)(C)C)c4ccccc4)C[C@@](O)([C@@H](OC(=O)c4ccccc4)[C@H]21)C3(C)C,"148124",389,Done,14.13,-1.68905,"5edu_chain-A_Grid",-1.68985,-0.687423,0,-0,0.748541,-27.4875,-3.589,0.161753,0,-25.5499,-31.0765,12.7353
C[N@@H+](CCOc1ccc(NS(C)(=O)=O)cc1)CCc1ccc(NS(C)(=O)=O)cc1,"71329",390,Done,5.7,-7.22543,"5edu_chain-A_Grid",-7.42113,-1.47397,-0.456,-0,-0.549869,-25.015,-28.7697,0.918253,-0.608797,-78.8398,-53.7847,3.07702
C[N@H+](CCOc1ccc(NS(C)(=O)=O)cc1)CCc1ccc(NS(C)(=O)=O)cc1,"71329",391,Done,6.15,-6.95898,"5edu_chain-A_Grid",-7.15468,-1.35511,-0.456,-0,-0.39144,-26.0626,-27.1495,0.918253,-0.567253,-76.1162,-53.2121,6.91906
CN(CCOc1ccc(NS(C)(=O)=O)cc1)CCc1ccc(NS(C)(=O)=O)cc1,"71329",392,Done,6.08,-5.97151,"5edu_chain-A_Grid",-7.04221,-1.64771,-0.456,-0,-0.499833,-25.405,-23.7356,0.922062,-0.530139,-70.4768,-49.1406,6.85981
C[N@@H+](CCOc1ccc(NS(C)(=O)=O)cc1)CCc1ccc([N-]S(C)(=O)=O)cc1,"71329",393,Done,5.91,-5.35366,"5edu_chain-A_Grid",-7.00326,-1.58091,0,-0,-0.581742,-28.7689,-32.961,0.922062,-0.324222,-92.1871,-61.7299,7.37708
C[N@H+](CCOc1ccc(NS(C)(=O)=O)cc1)CCc1ccc([N-]S(C)(=O)=O)cc1,"71329",394,Done,7.14,-5.64828,"5edu_chain-A_Grid",-7.29788,-1.61731,-0.16,-0,-0.581029,-28.0002,-33.5167,0.922062,-0.461585,-93.6344,-61.5169,9.67677
C[N@@H+](CCOc1ccc([N-]S(C)(=O)=O)cc1)CCc1ccc(NS(C)(=O)=O)cc1,"71329",395,Done,6.03,-4.7617,"5edu_chain-A_Grid",-6.8199,-1.69823,0,-0,-0.548406,-23.9064,-29.3152,0.922062,-0.3,-84.4094,-53.2216,5.29767
C[N@H+](CCOc1ccc([N-]S(C)(=O)=O)cc1)CCc1ccc(NS(C)(=O)=O)cc1,"71329",396,Done,6.21,-3.28513,"5edu_chain-A_Grid",-5.34333,-1.02326,-0.16,-0,-0.573164,-19.9035,-20.3309,0.922062,-0.464147,-57.3455,-40.2345,11.2518
CN(CCOc1ccc(NS(C)(=O)=O)cc1)CCc1ccc([N-]S(C)(=O)=O)cc1,"71329",397,Done,5.99,-5.58677,"5edu_chain-A_Grid",-8.11147,-2.2109,-0.32,-0,-0.596148,-39.2064,-24.3333,0.925895,-0.3,-98.083,-63.5397,8.72507
CN(CCOc1ccc([N-]S(C)(=O)=O)cc1)CCc1ccc(NS(C)(=O)=O)cc1,"71329",398,Done,5.7,-4.11943,"5edu_chain-A_Grid",-7.05263,-1.36365,-0.16,-0,-0.584458,-28.1951,-33.748,0.925895,-0.460662,-92.4862,-61.9431,7.24124
C[N@@H+](CCOc1ccc([N-]S(C)(=O)=O)cc1)CCc1ccc([N-]S(C)(=O)=O)cc1,"71329",399,Done,6.92,-3.52647,"5edu_chain-A_Grid",-7.03857,-1.93631,0,-0,-0.102266,-31.3302,-33.2469,0.925895,-0.359383,-91.8565,-64.5772,11.6689
C[N@H+](CCOc1ccc([N-]S(C)(=O)=O)cc1)CCc1ccc([N-]S(C)(=O)=O)cc1,"71329",400,Done,6.98,-3.24846,"5edu_chain-A_Grid",-6.76056,-1.47547,0,-0,-0.577329,-25.1925,-33.8891,0.925895,-0.374032,-84.7554,-59.0816,14.9848
O=C1Nc2ccc(Cl)cc2[C@@](C#CC2CC2)(C(F)(F)F)O1,"64139",401,Done,1.01,-3.96473,"5edu_chain-A_Grid",-4.05133,-1.47089,0,-0,-1.39162,-27.9305,-0.645589,0.373424,-0.0688872,-34.7198,-28.5761,1.05639
O=C1[N-]c2ccc(Cl)cc2[C@@](C#CC2CC2)(C(F)(F)F)O1,"64139",402,Done,1.15,-2.68003,"5edu_chain-A_Grid",-3.86183,-1.50585,0,-0,-1.39054,-27.3011,0.521448,0.375531,-0.0541315,-32.9191,-26.7797,0.893689
Cc1cnc(Nc2ccc(OCC[NH+]3CCCC3)cc2)nc1Nc1cccc(S(=O)(=O)NC(C)(C)C)c1,"16722836",404,Done,7.91,-3.21306,"5edu_chain-A_Grid",-3.24496,-0.612618,-0.590986,-0,0.327148,-28.9619,-9.65917,0.670385,-0.141914,-45.3487,-38.6211,3.00758
Cc1c[nH+]c(Nc2ccc(OCC[NH+]3CCCC3)cc2)nc1Nc1cccc(S(=O)(=O)NC(C)(C)C)c1,"16722836",405,Done,5.67,-2.41623,"5edu_chain-A_Grid",-4.54173,-1.91098,-0.2,-0,-0.333409,-34.3635,-5.95056,0.668026,-0.154614,-49.3887,-40.314,12.4789
Cc1cnc(Nc2ccc(OCCN3CCCC3)cc2)nc1Nc1cccc(S(=O)(=O)NC(C)(C)C)c1,"16722836",406,Done,6.23,-0.963082,"5edu_chain-A_Grid",-3.17998,-1.08592,-0.16,-0,0.622881,-38.5059,-8.01642,0.672756,-0.101939,-49.4236,-46.5223,7.79362
Cc1cnc(Nc2ccc(OCC[NH+]3CCCC3)cc2)nc1Nc1cccc(S(=O)(=O)[N-]C(C)(C)C)c1,"16722836",407,Done,4.81,0.773866,"5edu_chain-A_Grid",-3.46513,-0.724545,-0.16,-0,1.23414,-36.0773,-16.7247,0.672756,-0.174909,-53.536,-52.8021,15.3765
CCOC(=O)C1=C(C)NC(C)=C(C(=O)OC)[C@H]1c1cccc(Cl)c1Cl,"3333",408,Done,1.57,-3.06772,"5edu_chain-A_Grid",-3.06772,-0.829685,-0.0130042,-0,-0.788913,-28.7509,-3.38973,0.526667,-0.0167792,-37.0091,-32.1407,0.827863
CCOC(=O)C1=C(C)NC(C)=C(C(=O)OC)[C@@H]1c1cccc(Cl)c1Cl,"3333",409,Done,1.45,-4.17284,"5edu_chain-A_Grid",-4.17284,-1.17942,-0.32,-0,-1.05562,-29.4876,-4.46726,0.526667,0,-41.7198,-33.9549,1.42786
CC[NH2+][C@H](C)Cc1cccc(C(F)(F)F)c1,"3337",410,Done,2.35,-4.46771,"5edu_chain-A_Grid",-4.47071,-1.70464,0,-0,-2.0281,-18.8993,-2.96942,0.952397,-0.3,-30.2326,-21.8687,3.1648
CC[NH2+][C@@H](C)Cc1cccc(C(F)(F)F)c1,"3337",411,Done,2.1,-4.45639,"5edu_chain-A_Grid",-4.45939,-1.63176,0,-0,-2.02717,-17.602,-3.81831,0.952397,-0.3,-28.8819,-21.4204,4.90794
CNc1ccc(/C=C/c2ccc(OCCOCCOCC[18F])cc2)cc1,"11501341",412,Done,6.63,-3.36252,"5edu_chain-A_Grid",-3.36272,-0.899223,-0.171567,-0,-0.958351,-33.1895,-7.05153,1.48362,-0.1,-47.0563,-40.241,5.15998
CNc1ccc(/C=C/c2ccc(OCCOCCOCC[18F])nc2)cc1,"24822371",413,Done,6.03,-4.55833,"5edu_chain-A_Grid",-4.55853,-1.12615,-0.32,-0.468773,-0.950102,-30.2867,-10.3703,1.47638,-0.1,-50.504,-40.657,7.00402
Fc1ccc(C(c2ccc(F)cc2)N2CC[NH+](C/C=C/c3ccccc3)CC2)cc1,"941361",414,Done,2.62,-3.64106,"5edu_chain-A_Grid",-4.06346,-1.71803,0,-0,-0.802633,-32.702,-3.34344,0.597611,-0.00378491,-43.5653,-36.0455,4.99595
Fc1ccc(C(c2ccc(F)cc2)N2CCN(C/C=C/c3ccccc3)CC2)cc1,"941361",415,Done,3.63,-3.56967,"5edu_chain-A_Grid",-4.03777,-1.85496,0,-0,-0.842838,-31.8075,-2.0745,0.600297,-0.0387223,-40.0276,-33.882,5.4873
Fc1ccc(C(c2ccc(F)cc2)[NH+]2CCN(C/C=C/c3ccccc3)CC2)cc1,"941361",416,Done,3.4,-2.00572,"5edu_chain-A_Grid",-3.71282,-1.96426,0,-0,-0.777633,-29.864,-0.472154,0.597611,-0.00451632,-39.28,-30.3361,1.76707
CC1(C)O[C@@H]2C[C@H]3[C@@H]4C[C@H](F)C5=CC(=O)CC[C@]5(C)[C@H]4[C@@H](O)C[C@]3(C)[C@]2(C(=O)CO)O1,"15209",417,Done,2.31,-3.39255,"5edu_chain-A_Grid",-3.39255,-1.00574,0,-0,-0.516195,-19.708,-7.28972,0.209227,-0.000988992,-32.6057,-26.9977,0.770433
C[C@@H](O[C@H]1OCCN(Cc2nn(P(=O)([O-])[O-])c(=O)[nH]2)[C@H]1c1ccc(F)cc1)c1cc(C(F)(F)F)cc(C(F)(F)F)c1,"135413538",418,Done,7.84,-6.51499,"5edu_chain-A_Grid",-6.77729,-0.742244,-0.36,-0,0,-32.338,-27.5767,0.210719,-0.268864,-92.7278,-59.9146,19.976
C[C@@H](O[C@H]1OCCN(Cc2nn([P@](=O)([O-])O)c(=O)[n-]2)[C@H]1c1ccc(F)cc1)c1cc(C(F)(F)F)cc(C(F)(F)F)c1,"135413538",419,Done,7.94,-6.45207,"5edu_chain-A_Grid",-7.16927,-0.586495,-0.16,-1.47338,0,-26.2359,-25.1586,0.266878,-0.130695,-77.1663,-51.3945,9.91654
C[C@@H](O[C@H]1OCCN(Cc2nn(P(=O)([O-])O)c(=O)[nH]2)[C@H]1c1ccc(F)cc1)c1cc(C(F)(F)F)cc(C(F)(F)F)c1,"135413538",420,Done,7.02,-5.33995,"5edu_chain-A_Grid",-7.00995,-0.607987,-0.16,-1.35496,0,-28.9676,-23.8283,0.264934,-0.129313,-80.4641,-52.796,5.50181
COc1cc(Nc2ncc(F)c(Nc3ccc4c(n3)N(COP(=O)([O-])[O-])C(=O)C(C)(C)O4)n2)cc(OC)c1OC,"11671467",421,Done,5.53,-5.37039,"5edu_chain-A_Grid",-5.44379,-1.13831,-0.416778,-0,-0.696292,-40.5083,-9.41551,0.276634,-0.0313035,-61.0913,-49.9238,14.387
COc1cc(Nc2ncc(F)c(Nc3ccc4c(n3)N(COP(=O)([O-])O)C(=O)C(C)(C)O4)n2)cc(OC)c1OC,"11671467",422,Done,5.88,-3.63972,"5edu_chain-A_Grid",-4.91412,-0.554164,-0.419672,-0,0,-39.2928,-14.6119,0.336717,-0.120585,-70.4375,-53.9047,7.7933
C/C(=C(/CCO)SSC[C@H]1CCCO1)N(C=O)Cc1cnc(C)nc1N,"3002119",423,Done,7.04,-6.81842,"5edu_chain-A_Grid",-6.82582,-0.925114,-0.540851,-2.3,-0.82507,-31.7276,-10.899,0.986447,0,-55.2431,-42.6267,10.7229
C/C(=C(/CCO)SSC[C@@H]1CCCO1)N(C=O)Cc1cnc(C)nc1N,"3002119",424,Done,6.14,-3.6248,"5edu_chain-A_Grid",-3.6322,-1.01881,-0.32,-0,-0.979296,-30.0294,-4.96204,0.986447,-0.0547677,-40.4784,-34.9914,4.33303
C/C(=C(/CCO)SSC[C@H]1CCCO1)N(C=O)Cc1c[nH+]c(C)nc1N,"3002119",425,Done,6.88,-5.10244,"5edu_chain-A_Grid",-7.79964,-0.763224,-0.808,-2.3,-0.809864,-25.9723,-17.7857,0.981973,-0.134056,-67.7583,-43.758,8.0026
C/C(=C(/CCO)SSC[C@@H]1CCCO1)N(C=O)Cc1c[nH+]c(C)nc1N,"3002119",426,Done,5.78,-2.47644,"5edu_chain-A_Grid",-5.17364,-1.28483,-0.407538,-0,-0.869681,-20.6548,-15.981,0.981973,-0.163673,-48.4167,-36.6358,3.50133
CC(C)(C)NC(=O)[C@@H]1CN(Cc2cccnc2)CCN1C[C@@H](O)C[C@@H](Cc1ccccc1)C(=O)N[C@H]1c2ccccc2C[C@H]1O,"5362440",431,Done,17.45,-5.97245,"5edu_chain-A_Grid",-6.66905,-1.48563,-0.576,-1.34109,-0.238331,-32.8655,-12.8568,0.54379,0,-58.6594,-45.7222,14.1557
CC(C)(C)NC(=O)[C@@H]1CN(Cc2cccnc2)CC[N@H+]1C[C@@H](O)C[C@@H](Cc1ccccc1)C(=O)N[C@H]1c2ccccc2C[C@H]1O,"5362440",432,Done,17.95,-4.94286,"5edu_chain-A_Grid",-6.07396,-2.57308,-0.305534,-0,-0.141593,-45.914,-8.64982,0.541009,-0.00158615,-68.2982,-54.5638,16.5395
CC(C)(C)NC(=O)[C@@H]1CN(Cc2cccnc2)CC[N@@H+]1C[C@@H](O)C[C@@H](Cc1ccccc1)C(=O)N[C@H]1c2ccccc2C[C@H]1O,"5362440",433,Done,14.93,-3.04384,"5edu_chain-A_Grid",-4.17494,-1.76007,0,-0,-0.13333,-41.5399,-4.85851,0.541009,-0.0167833,-56.1716,-46.3984,5.95526
CC(C)(C)NC(=O)[C@@H]1C[N@H+](Cc2cccnc2)CCN1C[C@@H](O)C[C@@H](Cc1ccccc1)C(=O)N[C@H]1c2ccccc2C[C@H]1O,"5362440",434,Done,14.47,-2.44883,"5edu_chain-A_Grid",-4.00223,-1.14686,-0.357771,-0,-0.133272,-35.4573,-7.49102,0.541009,-0.0088255,-51.9377,-42.9483,6.9051
CC(C)(C)NC(=O)[C@@H]1C[N@@H+](Cc2cccnc2)CCN1C[C@@H](O)C[C@@H](Cc1ccccc1)C(=O)N[C@H]1c2ccccc2C[C@H]1O,"5362440",435,Done,16.06,-3.80495,"5edu_chain-A_Grid",-5.35835,-1.4935,-0.304,-0,-0.0874854,-33.4571,-14.6146,0.541009,-0.149319,-61.0072,-48.0717,12.8334
CCCCC1=[NH+]C2(CCCC2)C(=O)N1Cc1ccc(-c2ccccc2-c2nn[n-]n2)cc1,"3749",436,Done,4.29,-2.84269,"5edu_chain-A_Grid",-3.11429,-0.645098,0,-0,-0.663851,-30.4601,-6.01588,0.649034,-0.0289921,-43.281,-36.4759,2.87699
CCCCC1=NC2(CCCC2)C(=O)N1Cc1ccc(-c2ccccc2-c2nn[n-]n2)cc1,"3749",437,Done,4.24,-2.68574,"5edu_chain-A_Grid",-3.28014,-1.23866,0,-0,-0.552505,-35.4427,-2.43308,0.651807,-0.00368811,-45.3651,-37.8758,0.929965
N#Cc1ccnc(N2C(=O)CC[C@H]2C(=O)N(c2cncc(F)c2)[C@H](C(=O)NC2CC(F)(F)C2)c2ccccc2Cl)c1,"71657455",440,Done,4.2,-4.21807,"5edu_chain-A_Grid",-4.21827,-1.47353,-0.838907,-0,1.38542,-37.0817,-11.4928,0.390189,-0.103439,-50.0123,-48.5745,12.308
CC(=O)N1CCN(c2ccc(OC[C@@H]3CO[C@](Cn4ccnc4)(c4ccc(Cl)cc4Cl)O3)cc2)CC1,"3823",441,Done,5.68,-7.09271,"5edu_chain-A_Grid",-7.14151,-0.851853,-0.57246,-2.3,-0.113431,-30.3037,-14.6047,0.511084,-0.108963,-60.9379,-44.9084,6.75562
CC(=O)N1CCN(c2ccc(OC[C@@H]3CO[C@@](Cn4ccnc4)(c4ccc(Cl)cc4Cl)O3)cc2)CC1,"3823",442,Done,6.52,-6.09769,"5edu_chain-A_Grid",-6.14649,-0.959908,-0.32,-2.3,-0.113294,-25.8917,-10.3504,0.511084,-0.117228,-49.8506,-36.2421,5.56502
CC(=O)N1CCN(c2ccc(OC[C@H]3CO[C@](Cn4ccnc4)(c4ccc(Cl)cc4Cl)O3)cc2)CC1,"3823",443,Done,6.44,-6.77341,"5edu_chain-A_Grid",-6.82221,-1.58984,-0.32,-1.96262,-0.129529,-33.8655,-10.2111,0.511084,-0.106363,-63.4486,-44.0766,5.08384
CC(=O)N1CCN(c2ccc(OC[C@H]3CO[C@@](Cn4ccnc4)(c4ccc(Cl)cc4Cl)O3)cc2)CC1,"3823",444,Done,6.86,-6.39302,"5edu_chain-A_Grid",-6.44182,-0.85752,-0.32,-2.3,-0.108929,-30.2351,-11.6294,0.511084,-0.110284,-56.2731,-41.8645,8.20934
CC(=O)N1CCN(c2ccc(OC[C@@H]3CO[C@](Cn4cc[nH+]c4)(c4ccc(Cl)cc4Cl)O3)cc2)CC1,"3823",445,Done,6.71,-5.39442,"5edu_chain-A_Grid",-6.89762,-0.949974,-0.32,-2.3,0.108691,-32.0694,-14.0518,0.509304,-0.234396,-65.4002,-46.1213,10.3244
CC(=O)N1CCN(c2ccc(OC[C@@H]3CO[C@@](Cn4cc[nH+]c4)(c4ccc(Cl)cc4Cl)O3)cc2)CC1,"3823",446,Done,5.59,-5.51069,"5edu_chain-A_Grid",-7.01389,-1.35156,-0.32,-2.3,-0.102282,-31.8388,-11.716,0.509304,-0.1,-63.4378,-43.5548,3.43349
CC(=O)N1CCN(c2ccc(OC[C@H]3CO[C@](Cn4cc[nH+]c4)(c4ccc(Cl)cc4Cl)O3)cc2)CC1,"3823",447,Done,5.93,-5.67635,"5edu_chain-A_Grid",-7.17955,-1.27987,-0.42352,-1.57705,-0.0918581,-27.4799,-17.891,0.509304,-0.258904,-62.5223,-45.3709,7.61381
CC(=O)N1CCN(c2ccc(OC[C@H]3CO[C@@](Cn4cc[nH+]c4)(c4ccc(Cl)cc4Cl)O3)cc2)CC1,"3823",448,Done,6.21,-5.68133,"5edu_chain-A_Grid",-7.18453,-1.00235,-0.52,-2.3,-0.114145,-26.6441,-14.5921,0.509304,-0.236305,-60.125,-41.2362,9.66216
Cc1c(OCC(F)(F)F)ccnc1C[S@@](=O)c1nc2ccccc2[nH]1,"3883",449,Done,2.08,-3.99728,"5edu_chain-A_Grid",-4.33368,-0.730868,-0.16,-0,-1.30869,-24.3401,-9.57823,0.706602,-0.186981,-42.9902,-33.9183,2.04268
Cc1c(OCC(F)(F)F)ccnc1C[S@](=O)c1nc2ccccc2[nH]1,"3883",450,Done,2.27,-5.31886,"5edu_chain-A_Grid",-5.65526,-0.844519,-0.519539,-0,-1.14863,-22.5284,-16.4126,0.706602,-0.26086,-49.1613,-38.941,7.65041
Cc1c(OCC(F)(F)F)cc[nH+]c1C[S@@](=O)c1nc2ccccc2[nH]1,"3883",451,Done,2.73,-4.02012,"5edu_chain-A_Grid",-4.54862,-0.84021,0,-0,-1.46286,-25.944,-10.5931,0.703169,-0.0625519,-48.9056,-36.5371,1.44338
Cc1c(OCC(F)(F)F)cc[nH+]c1C[S@](=O)c1nc2ccccc2[nH]1,"3883",452,Done,2.52,-2.91917,"5edu_chain-A_Grid",-3.44767,-0.463899,0,-0,-1.01,-27.2454,-8.07164,0.703169,-0.103923,-43.0038,-35.317,1.46301
Cc1c(OCC(F)(F)F)ccnc1C[S@@](=O)c1nc2ccccc2[n-]1,"3883",453,Done,1.52,-2.19356,"5edu_chain-A_Grid",-4.71816,-0.811926,-0.486748,-0,-1.54502,-24.6801,-9.0035,0.71006,0,-42.7505,-33.6835,1.57072
Cc1c(OCC(F)(F)F)ccnc1C[S@](=O)c1nc2ccccc2[n-]1,"3883",454,Done,2.08,-1.69706,"5edu_chain-A_Grid",-4.22166,-0.538533,-0.314476,-0,-1.27038,-24.6813,-10.3218,0.71006,-0.0259891,-43.0488,-35.0032,2.33013
Cc1c(OCC(F)(F)F)cc[nH+]c1C[S@@](=O)c1nc2ccccc2[n-]1,"3883",455,Done,2.09,-2.25779,"5edu_chain-A_Grid",-5.03099,-0.938412,-0.469036,-0,-1.36472,-24.7585,-11.5074,0.706602,-0.00138588,-47.6559,-36.2659,0.901153
Cc1c(OCC(F)(F)F)cc[nH+]c1C[S@](=O)c1nc2ccccc2[n-]1,"3883",456,Done,1.92,-1.76417,"5edu_chain-A_Grid",-4.53737,-0.96859,-0.0518408,-0,-1.49345,-23.3313,-10.0739,0.706602,-0.0524328,-42.3637,-33.4052,2.06414
COc1cc2nccc(Oc3ccc(NC(=O)NC4CC4)c(Cl)c3)c2cc1C(N)=O,"9823820",457,Done,2.76,-4.29094,"5edu_chain-A_Grid",-4.29784,-1.26177,-0.398934,-0,-0.495493,-28.7096,-7.17392,0.544714,-0.174783,-44.6702,-35.8835,3.69021
COc1cc2[nH+]ccc(Oc3ccc(NC(=O)NC4CC4)c(Cl)c3)c2cc1C(N)=O,"9823820",458,Done,3.85,-0.435845,"5edu_chain-A_Grid",-3.07664,-0.48187,-0.16,-0,-0.357332,-34.6038,-5.07369,0.542394,-0.128592,-46.8457,-39.6775,3.65426
COc1cccc(N2CCN(C3=Nc4c(F)cccc4[C@H](CC(=O)[O-])N3c3cc(C(F)(F)F)ccc3OC)CC2)c1,"45138674",459,Done,7.71,-3.82594,"5edu_chain-A_Grid",-3.82994,-1.63935,-0.2,-0,3.4898e-08,-34.0811,-2.29171,0.163996,-0.106777,-42.4221,-36.3728,9.13795
C=CCN1CC[C@]23CCCC[C@H]2[C@H]1Cc1ccc(O)cc13,"5359371",460,Done,1.51,-3.69842,"5edu_chain-A_Grid",-3.73912,-1.39024,0,-0,-1.59343,-21.0022,-1.0419,0.450944,0,-26.6411,-22.0441,0.430272
C=CC[N@@H+]1CC[C@]23CCCC[C@H]2[C@H]1Cc1ccc(O)cc13,"5359371",461,Done,1.48,-2.75228,"5edu_chain-A_Grid",-4.50258,-0.894719,-0.32,-0,-1.54489,-17.7325,-8.46043,0.448168,-0.0354449,-34.8029,-26.1929,0.0336673
C=CC[N@H+]1CC[C@]23CCCC[C@H]2[C@H]1Cc1ccc(O)cc13,"5359371",462,Done,1.49,-3.34041,"5edu_chain-A_Grid",-5.09071,-1.41987,0,-0,-2.42341,-25.9063,-2.66856,0.448168,0,-36.4274,-28.5748,3.16219
C=CCN1CC[C@]23CCCC[C@H]2[C@H]1Cc1ccc([O-])cc13,"5359371",463,Done,2.32,-0.878334,"5edu_chain-A_Grid",-3.39613,-0.631464,-0.16,-0,-1.48364,-15.1614,-3.93225,0.226873,0,-23.953,-19.0936,0.316508
CCOC(=O)C1=C(COCC[NH3+])NC(C)=C(C(=O)OC)[C@@H]1c1ccccc1Cl,"9822750",464,Done,7.15,-5.09019,"5edu_chain-A_Grid",-5.09359,-1.03985,-0.484363,-0,-0.899694,-30.9565,-12.2831,0.820602,-0.1,-61.3114,-43.2396,1.57178
CC(=O)N1CCN(c2ccc(OC[C@@H]3CO[C@@](Cn4ccnc4)(c4ccc(Cl)cc4Cl)O3)cc2)CC1,"47576",465,Done,5.67,-6.09769,"5edu_chain-A_Grid",-6.14649,-0.959908,-0.32,-2.3,-0.113294,-25.8917,-10.3504,0.511084,-0.117228,-49.8506,-36.2421,5.56502
CC(=O)N1CCN(c2ccc(OC[C@@H]3CO[C@@](Cn4cc[nH+]c4)(c4ccc(Cl)cc4Cl)O3)cc2)CC1,"47576",466,Done,5.37,-5.51069,"5edu_chain-A_Grid",-7.01389,-1.35156,-0.32,-2.3,-0.102282,-31.8388,-11.716,0.509304,-0.1,-63.4378,-43.5548,3.43349
NC(=O)N1CCC(CC(=O)N2CCC([C@H]3c4ncc(Br)cc4CCc4cc(Cl)cc(Br)c43)CC2)CC1,"148195",467,Done,2.68,-6.11154,"5edu_chain-A_Grid",-6.11194,-1.90176,-0.565821,-0,-0.163534,-50.0392,-6.94774,0.0635151,-0.000217648,-71.7124,-56.987,6.83702
N[C@@H](C(=O)N[C@@H]1C(=O)N2C(C(=O)[O-])=C(Cl)CC[C@H]12)c1ccccc1,"5284585",468,Done,1.95,-4.12916,"5edu_chain-A_Grid",-4.42446,-1.00862,-0.529842,-0,-1.19781,-20.4694,-7.28798,0.469618,-0.041137,-36.1589,-27.7574,1.10323
[NH3+][C@@H](C(=O)N[C@@H]1C(=O)N2C(C(=O)[O-])=C(Cl)CC[C@H]12)c1ccccc1,"5284585",469,Done,1.96,-3.77842,"5edu_chain-A_Grid",-4.40802,-0.289765,-0.466638,-0,-1.14368,-17.0676,-13.1185,0.467216,-0.154008,-42.7507,-30.186,1.263
[NH3+][C@@H](C(=O)[N-][C@@H]1C(=O)N2C(C(=O)[O-])=C(Cl)CC[C@H]12)c1ccccc1,"5284585",470,Done,1.65,-3.07609,"5edu_chain-A_Grid",-4.91129,-0.614726,-0.274974,-0,-2.50798,-26.4468,-4.40595,0.469618,0,-40.6903,-30.8527,4.53788
N[C@@H](C(=O)[N-][C@@H]1C(=O)N2C(C(=O)[O-])=C(Cl)CC[C@H]12)c1ccccc1,"5284585",471,Done,1.55,-0.300402,"5edu_chain-A_Grid",-4.0321,-0.469547,-0.471572,-0,-1.36605,-25.9811,-5.85308,0.47204,-0.0199504,-39.3634,-31.8342,3.35668
C[C@H]1Oc2cc(cnc2N)-c2c(nn(C)c2C#N)CN(C)C(=O)c2ccc(F)cc21,"71731823",472,Done,0.82,-4.03976,"5edu_chain-A_Grid",-4.04226,-1.32176,-0.228645,-0,-0.766463,-31.8343,-0.627676,0,-0.0395211,-39.6061,-32.462,0
CCCCC1(CCCC)CS(=O)(=O)c2ccc(N(C)C)cc2[C@@H](c2ccc(OCc3ccc(C[N+]45CCN(CC4)CC5)cc3)cc2)[C@H]1O,"9831643",515,Done,10.22,-3.01235,"5edu_chain-A_Grid",-3.01245,-1.35232,0,-0,0.198742,-31.7266,-3.84699,0.304498,0,-39.0253,-35.5736,8.04568
CC(C)Nc1nc2cc(Cl)c(Cl)cc2n1[C@H]1O[C@@H](CO)[C@H](O)[C@@H]1O,"471161",516,Done,3.74,-4.47472,"5edu_chain-A_Grid",-4.63562,-0.661406,-0.235212,-0,-0.926575,-19.7163,-14.8453,0.410212,-0.0100334,-44.0328,-34.5615,3.40979
CC(C)Nc1[nH+]c2cc(Cl)c(Cl)cc2n1[C@H]1O[C@@H](CO)[C@H](O)[C@@H]1O,"471161",517,Done,5.45,-3.59086,"5edu_chain-A_Grid",-4.59606,-0.160109,-0.199982,-0,-0.861612,-18.1348,-18.0313,0.408252,-0.171172,-48.1051,-36.1661,2.58113
CC(C)/N=c1\[nH]c2cc(Cl)c(Cl)cc2n1[C@H]1O[C@@H](CO)[C@H](O)[C@@H]1O,"471161",518,Done,3.46,-3.03461,"5edu_chain-A_Grid",-4.75791,-1.5041,0,-0,-0.843856,-29.28,-9.04106,0.410212,0,-47.285,-38.3211,4.15263
CC(C)[N-]c1nc2cc(Cl)c(Cl)cc2n1[C@H]1O[C@@H](CO)[C@H](O)[C@@H]1O,"471161",519,Done,3.66,1.42487,"5edu_chain-A_Grid",-4.42073,-0.989725,0,-0,-0.850728,-26.6493,-11.0667,0.412186,0,-45.4957,-37.716,7.20292
Cn1cc2c3c(cccc31)[C@H]1C[C@@H](CNC(=O)OCc3ccccc3)C[N@@H+](C)[C@@H]1C2,"28693",520,Done,2.47,-3.99195,"5edu_chain-A_Grid",-4.26475,-1.05404,-0.19631,-0,-0.764155,-25.2749,-10.3546,0.600218,-0.0335303,-46.494,-35.6295,3.02904
Cn1cc2c3c(cccc31)[C@H]1C[C@@H](CNC(=O)OCc3ccccc3)C[N@H+](C)[C@@H]1C2,"28693",521,Done,2.31,-4.59563,"5edu_chain-A_Grid",-4.86843,-1.40641,-0.32,-0,-1.26075,-29.7396,-6.43674,0.600218,-0.0289991,-48.0494,-36.1763,3.15767
CN1C[C@H](CNC(=O)OCc2ccccc2)C[C@@H]2c3cccc4c3c(cn4C)C[C@H]21,"28693",522,Done,1.7,-2.50444,"5edu_chain-A_Grid",-3.09514,-0.847693,-0.191131,-0,-0.702918,-27.6126,-3.83793,0.602922,0,-38.1033,-31.4505,0.880313
CN(c1nc(=O)cc[nH]1)C1CCN(c2nc3ccccc3n2Cc2ccc(F)cc2)CC1,"65906",523,Done,2.32,-4.11503,"5edu_chain-A_Grid",-4.34883,-2.06803,-0.32,-0,0.314178,-29.9105,-8.5088,0.531915,-0.035052,-46.8729,-38.4193,0.580059
CN(c1nccc(=O)[nH]1)C1CCN(c2nc3ccccc3n2Cc2ccc(F)cc2)CC1,"65906",524,Done,2.87,-4.04928,"5edu_chain-A_Grid",-4.79768,-2.25709,-0.0703938,-0,-0.652941,-37.7369,-2.46263,0.531915,-0.0929318,-49.4068,-40.1996,6.11257
CN(c1nc(=O)cc[nH]1)C1CCN(c2[nH+]c3ccccc3n2Cc2ccc(F)cc2)CC1,"65906",525,Done,2.38,-1.91008,"5edu_chain-A_Grid",-4.10808,-0.749475,-0.222386,-0,0.28947,-27.3752,-17.0165,0.529676,-0.0341403,-52.1761,-44.3917,3.01092
CN(c1nccc([O-])n1)C1CCN(c2nc3ccccc3n2Cc2ccc(F)cc2)CC1,"65906",526,Done,3.13,-1.33862,"5edu_chain-A_Grid",-3.79962,-1.92657,-0.115024,-0,0.0483538,-33.3395,-4.4904,0.534169,-1.12352e-05,-44.6657,-37.8299,2.69733
C=CC(=O)Nc1cc(Nc2ncc(C(=O)OC(C)C)c(-c3cn(C)c4ccccc34)n2)c(OC)cc1N(C)CC[NH+](C)C,"118607832",527,Done,7.42,-3.83285,"5edu_chain-A_Grid",-3.85725,-1.0016,-0.2,-0,1.48296e-05,-39.4878,-7.59194,0.563462,-0.105937,-54.3466,-47.0798,10.5736
C=CC(=O)Nc1cc(Nc2ncc(C(=O)OC(C)C)c(-c3cn(C)c4ccccc34)n2)c(OC)cc1N(C)CCN(C)C,"118607832",528,Done,11.17,-2.39082,"5edu_chain-A_Grid",-4.29902,-1.01772,-0.310128,-0,7.84266e-07,-46.4991,-7.1657,0.566491,-0.137855,-61.4812,-53.6648,11.4828
COc1c(N2C[C@@H]3CCC[NH2+][C@@H]3C2)c(F)cc2c(=O)c(C(=O)[O-])cn(C3CC3)c12,"152946",529,Done,2.27,-3.17266,"5edu_chain-A_Grid",-3.18876,-0.636989,-0.143037,-0,-0.672059,-21.8728,-5.7747,0.24343,-0.0202594,-34.8935,-27.6475,1.56779
COc1c(N2C[C@@H]3CCC[NH2+][C@@H]3C2)c(F)cc2c(=O)c(C(=O)O)cn(C3CC3)c12,"152946",530,Done,2.55,-2.1508,"5edu_chain-A_Grid",-4.5867,-1.34113,-0.277785,-0,-1.01252,-24.3169,-6.95843,0.363499,-0.0591491,-40.4898,-31.2754,2.77267
COc1c(N2C[C@@H]3CCCN[C@@H]3C2)c(F)cc2c(=O)c(C(=O)[O-])cn(C3CC3)c12,"152946",531,Done,1.82,-0.616611,"5edu_chain-A_Grid",-3.32001,-1.32127,-0.0798908,-0,-0.678931,-27.4231,-0.755291,0.244534,0,-31.848,-28.1784,5.92735
C[C@@H]1C/C=C\C=C\C=C\C=C\[C@H](O[C@@H]2O[C@H](C)[C@@H](O)[C@H]([NH3+])[C@@H]2O)C[C@@H]2O[C@](O)(C[C@@H](O)C[C@H]3O[C@@H]3/C=C\C(=O)O1)C[C@H](O)[C@H]2C(=O)[O-],"5284447",532,Done,7.56,-3.76928,"5edu_chain-A_Grid",-3.97478,-0.329533,-0.134536,-0,-0.105903,-24.0074,-15.059,0.0961232,-0.0417147,-50.018,-39.0664,4.60788
C[C@@H]1C/C=C\C=C\C=C\C=C\[C@H](O[C@@H]2O[C@H](C)[C@@H](O)[C@H](N)[C@@H]2O)C[C@@H]2O[C@](O)(C[C@@H](O)C[C@H]3O[C@@H]3/C=C\C(=O)O1)C[C@H](O)[C@H]2C(=O)[O-],"5284447",533,Done,3.42,-2.42194,"5edu_chain-A_Grid",-3.14934,-0.580594,0,-0,-0.0813296,-29.2897,-7.43576,0.0963958,-0.00396382,-41.3911,-36.7254,5.1301
CO[C@]12C[C@@H](COC(=O)c3cncc(Br)c3)C[N@@H+](C)[C@@H]1Cc1cn(C)c3cccc2c13,"34040",534,Done,1.88,-3.64039,"5edu_chain-A_Grid",-4.01409,-1.37743,0,-0,-0.332822,-32.6132,-5.93599,0.25867,-0.0414399,-47.582,-38.5492,3.21842
CO[C@]12C[C@@H](COC(=O)c3cncc(Br)c3)C[N@H+](C)[C@@H]1Cc1cn(C)c3cccc2c13,"34040",535,Done,2.13,-3.28592,"5edu_chain-A_Grid",-3.65962,-1.42145,0,-0,-0.335291,-31.2736,-3.98574,0.25867,0,-42.528,-35.2593,3.30534
CO[C@]12C[C@@H](COC(=O)c3cncc(Br)c3)CN(C)[C@@H]1Cc1cn(C)c3cccc2c13,"34040",536,Done,1.54,-3.11599,"5edu_chain-A_Grid",-3.56599,-1.41432,-0.0346999,-0,-0.300225,-30.0799,-3.73249,0.259655,-0.0125253,-40.3102,-33.8124,2.24327
NC(=O)c1cccc2cn(-c3ccc([C@@H]4CCC[NH2+]C4)cc3)nc12,"24958200",537,Done,2.02,-4.91178,"5edu_chain-A_Grid",-4.91408,-0.742601,-0.2,-0,-1.72693,-25.8352,-8.09722,0.361797,-0.1,-47.1054,-33.9325,1.35421
CC[NH+](CC)CC#CCOC(=O)[C@](O)(c1ccccc1)C1CCCCC1,"4634",539,Done,8.41,-4.20727,"5edu_chain-A_Grid",-4.38957,-1.50741,-0.223681,-0,-1.08114,-26.0068,-9.12964,1.19245,-0.1,-44.4663,-35.1364,7.44883
CC[NH+](CC)CC#CCOC(=O)[C@@](O)(c1ccccc1)C1CCCCC1,"4634",540,Done,7.79,-4.13277,"5edu_chain-A_Grid",-4.31507,-1.39134,-0.2,-0,-1.13981,-25.8344,-9.23099,1.19245,-0.1,-44.855,-35.0654,4.61937
CCN(CC)CC#CCOC(=O)[C@](O)(c1ccccc1)C1CCCCC1,"4634",541,Done,7.39,-3.03401,"5edu_chain-A_Grid",-3.82121,-2.04778,0,-0,-1.12036,-27.2321,-3.20265,1.19845,-0.00950976,-35.9744,-30.4348,3.12652
CCN(CC)CC#CCOC(=O)[C@@](O)(c1ccccc1)C1CCCCC1,"4634",542,Done,8.01,-3.06068,"5edu_chain-A_Grid",-3.84788,-1.28763,-0.268598,-0,-1.17242,-29.8734,-5.49337,1.19845,0,-40.7111,-35.3667,6.17244
CC(=O)c1c(C)c2cnc(Nc3ccc(N4CC[NH2+]CC4)cn3)nc2n(C2CCCC2)c1=O,"5330286",543,Done,4.27,-3.97582,"5edu_chain-A_Grid",-4.00052,-1.29194,0,-0,-0.938803,-34.7802,-2.7374,0.398305,-0.0184707,-46.7443,-37.5175,0.741704
CC(=O)c1c(C)c2cnc(Nc3ccc(N4CCNCC4)cn3)nc2n(C2CCCC2)c1=O,"5330286",544,Done,3.86,-1.73134,"5edu_chain-A_Grid",-3.69574,-1.50466,0,-0,-0.408288,-36.3613,-2.32067,0.399937,-0.0165673,-45.6147,-38.682,1.63528
Cc1[nH]c2ccccc2c1CC[NH2+]Cc1ccc(/C=C/C(=O)NO)cc1,"6918837",545,Done,4.52,-9.61581,"5edu_chain-A_Grid",-9.74481,-1.60512,-0.608,-2.3,-1.16993,-34.6784,-22.1683,1.2417,-0.244301,-96.3834,-56.8467,8.04886
Cc1[nH]c2ccccc2c1CCNCc1ccc(/C=C/C(=O)NO)cc1,"6918837",546,Done,4.09,-7.77485,"5edu_chain-A_Grid",-9.13365,-1.76096,-0.740219,-2.3,-1.15989,-33.7249,-16.8961,1.24808,-0.2,-82.275,-50.621,5.99736
Cc1[nH]c2ccccc2c1CC[NH2+]Cc1ccc(/C=C/C(=O)N[O-])cc1,"6918837",547,Done,4.29,-8.7833,"5edu_chain-A_Grid",-8.8961,-1.2532,-0.582521,-1.7729,-1.17209,-19.9973,-26.3677,1.09207,-0.252451,-99.4871,-46.3649,5.74298
Cc1[nH]c2ccccc2c1CCNCc1ccc(/C=C/C(=O)N[O-])cc1,"6918837",548,Done,3.89,-7.94225,"5edu_chain-A_Grid",-9.01375,-1.28258,-0.703615,-1.77625,-1.17813,-21.6528,-25.2734,1.09769,-0.297213,-98.6538,-46.9263,5.21052
COc1ccnc(C[S@@](=O)c2nc3cc(OC(F)F)ccc3[nH]2)c1OC,"4679",549,Done,2.92,-4.64616,"5edu_chain-A_Grid",-5.20856,-2.00731,-0.0619491,-0,-0.648591,-33.8715,-7.327,0.528843,-0.226921,-53.509,-41.1985,3.94727
COc1ccnc(C[S@](=O)c2nc3cc(OC(F)F)ccc3[nH]2)c1OC,"4679",550,Done,3.07,-4.61633,"5edu_chain-A_Grid",-5.17873,-1.69272,-0.32,-0,-0.7233,-30.8399,-7.95535,0.528843,-0.23626,-48.1512,-38.7952,8.26736
COc1ccnc(C[S@@](=O)c2nc3ccc(OC(F)F)cc3[nH]2)c1OC,"4679",551,Done,2.55,-3.07211,"5edu_chain-A_Grid",-3.65281,-1.6813,-0.141216,-0,-0.300502,-30.7978,-2.12498,0.528843,-0.2,-38.3805,-32.9228,2.87078
COc1ccnc(C[S@](=O)c2nc3ccc(OC(F)F)cc3[nH]2)c1OC,"4679",552,Done,2.66,-4.91666,"5edu_chain-A_Grid",-5.49736,-1.12033,-0.32,-1.29042,-0.848821,-28.2176,-5.74976,0.528843,-0.17328,-41.8446,-33.9674,9.56123
COc1cc[nH+]c(C[S@@](=O)c2nc3cc(OC(F)F)ccc3[nH]2)c1OC,"4679",553,Done,3.28,-3.49356,"5edu_chain-A_Grid",-4.72316,-1.37836,-0.0999644,-0,-0.757352,-26.1322,-9.84642,0.526358,-0.230267,-44.8159,-35.9787,8.43727
COc1cc[nH+]c(C[S@](=O)c2nc3cc(OC(F)F)ccc3[nH]2)c1OC,"4679",554,Done,2.99,-4.0805,"5edu_chain-A_Grid",-5.3101,-1.69973,-0.32,-0,-0.680935,-28.0324,-9.94538,0.526358,-0.242368,-50.6523,-37.9778,4.60883
COc1cc[nH+]c(C[S@@](=O)c2nc3ccc(OC(F)F)cc3[nH]2)c1OC,"4679",555,Done,2.52,-3.76079,"5edu_chain-A_Grid",-5.10459,-1.61509,-0.462195,-0,-0.879786,-31.8923,-5.74645,0.526358,-0.21729,-47.2785,-37.6388,6.68636
COc1cc[nH+]c(C[S@](=O)c2nc3ccc(OC(F)F)cc3[nH]2)c1OC,"4679",556,Done,2.84,-2.41674,"5edu_chain-A_Grid",-3.76054,-1.17361,-0.248992,-0,-1.05344,-29.8947,-1.9233,0.526358,-0.0276339,-40.7705,-31.818,0.439698
COc1ccnc(C[S@@](=O)c2nc3ccc(OC(F)F)cc3[n-]2)c1OC,"4679",557,Done,2.37,-3.05925,"5edu_chain-A_Grid",-6.01265,-1.14402,-0.32,-1.61219,-0.960627,-28.9916,-5.92131,0.531345,-0.169392,-44.8306,-34.9129,7.81929
COc1ccnc(C[S@](=O)c2nc3ccc(OC(F)F)cc3[n-]2)c1OC,"4679",558,Done,2.35,-2.8787,"5edu_chain-A_Grid",-5.8321,-0.877038,-0.32,-1.80673,-0.984079,-23.3941,-6.95039,0.531345,-0.163337,-40.9767,-30.3445,6.48338
COc1cc[nH+]c(C[S@@](=O)c2nc3ccc(OC(F)F)cc3[n-]2)c1OC,"4679",559,Done,3.22,-2.47631,"5edu_chain-A_Grid",-6.19041,-0.883864,-0.32,-1.89469,-0.973898,-22.2237,-9.01796,0.528843,-0.182916,-43.7933,-31.2416,7.12578
COc1cc[nH+]c(C[S@](=O)c2nc3ccc(OC(F)F)cc3[n-]2)c1OC,"4679",560,Done,3.12,-2.10997,"5edu_chain-A_Grid",-5.82407,-0.816366,-0.32,-1.37062,-0.978197,-22.5717,-10.0345,0.528843,-0.233974,-45.4162,-32.6062,6.40245
Fc1ccc([C@@H]2CC[NH2+]C[C@H]2COc2ccc3c(c2)OCO3)cc1,"43815",561,Done,1.8,-7.16592,"5edu_chain-A_Grid",-7.17062,-1.50652,-0.412432,-2.3,-1.32181,-20.9818,-7.80003,0.689248,-0.1,-43.0602,-28.7818,6.10385
CCN1C(=O)N(c2c(F)c(OC)cc(OC)c2F)Cc2cnc3[nH]c(CN4CCOCC4)cc3c21,"86705695",562,Done,3.22,-3.94125,"5edu_chain-A_Grid",-3.96245,-1.32804,-0.32,-0,-0.193567,-33.8007,-3.97947,0.256629,-0.0905176,-44.0665,-37.7802,5.73488
CCN1C(=O)N(c2c(F)c(OC)cc(OC)c2F)Cc2cnc3[nH]c(C[NH+]4CCOCC4)cc3c21,"86705695",563,Done,3.2,-2.45203,"5edu_chain-A_Grid",-4.48983,-1.44061,0,-0,-0.932554,-33.4817,-4.53394,0.255661,-0.0181523,-48.534,-38.0157,3.66335
CC(C)(C)[NH2+]C[C@H](O)COc1ccccc1C1CCCC1,"37464",564,Done,8.34,-2.88088,"5edu_chain-A_Grid",-2.88488,-1.18303,-0.227098,-0,-1.52354,-19.4989,-9.5872,2.56181,-0.1,-32.6718,-29.0861,9.74305
FC(F)(F)c1ccc(CNc2ccc(Cc3c[nH]c4ncc(Cl)cc34)cn2)cn1,"25151352",565,Done,3.02,-4.85451,"5edu_chain-A_Grid",-4.89981,-1.75798,-0.32,-0,-0.776938,-34.9566,-5.56581,0.566211,-0.0284015,-50.9098,-40.5224,4.11634
FC(F)(F)c1ccc(CNc2ccc(Cc3c[nH]c4ncc(Cl)cc34)c[nH+]2)cn1,"25151352",566,Done,2.31,-3.53422,"5edu_chain-A_Grid",-5.08052,-1.60039,-0.16,-0,-0.485373,-31.2673,-9.92552,0.563751,-0.346316,-53.6667,-41.1928,0.942031
CO[C@]1(C(=O)N[C@@H](C)c2ccc(-n3cc(F)cn3)nc2)CC[C@@H](c2nc(C)cc(Nc3cc(C)[nH]n3)n2)CC1,"129073603",568,Done,7.84,-4.46787,"5edu_chain-A_Grid",-4.60457,-1.16339,-0.427063,-0,-0.594672,-31.4034,-8.85999,0.579728,-0.1,-51.5377,-40.2634,2.40443
CO[C@]1(C(=O)N[C@@H](C)c2ccc(-n3cc(F)cn3)nc2)CC[C@H](c2nc(C)cc(Nc3cc(C)[nH]n3)n2)CC1,"129073603",569,Done,2.53,-3.46,"5edu_chain-A_Grid",-3.5967,-1.08533,-0.32,-0,-0.26817,-36.2364,-4.40587,0.579728,-0.0302336,-46.8239,-40.6423,5.63058
CO[C@]1(C(=O)N[C@@H](C)c2ccc(-n3cc(F)cn3)nc2)CC[C@@H](c2nc(C)cc(Nc3cc(C)n[nH]3)n2)CC1,"129073603",570,Done,6.87,-3.84519,"5edu_chain-A_Grid",-4.78389,-1.35739,-0.386558,-0,0.000526798,-33.3603,-12.1513,0.579728,-0.129489,-59.9279,-45.5116,2.9548
CO[C@]1(C(=O)N[C@@H](C)c2ccc(-n3cc(F)cn3)nc2)CC[C@H](c2nc(C)cc(Nc3cc(C)n[nH]3)n2)CC1,"129073603",571,Done,3.3,-1.99685,"5edu_chain-A_Grid",-2.93555,-0.838837,-0.367805,-0,1.08191,-36.0189,-9.33872,0.579728,-0.188801,-46.7268,-45.3576,6.71069
O=C(C1CCCCC1)N1CC(=O)N2CCc3ccccc3[C@@H]2C1,"4891",572,Done,1.47,-4.90307,"5edu_chain-A_Grid",-4.90307,-2.04563,-0.128884,-0,-1.53738,-30.3301,-0.366672,0.380322,0,-38.4149,-30.6967,1.81856
O=C(C1CCCCC1)N1CC(=O)N2CCc3ccccc3[C@H]2C1,"4891",573,Done,1.43,-4.54566,"5edu_chain-A_Grid",-4.54566,-1.01099,-0.32,-0,-1.89822,-26.1252,-2.60339,0.380322,0,-36.535,-28.7286,1.46651
O=[N+]([O-])c1cn2c(n1)OC[C@@H](OCc1ccc(OC(F)(F)F)cc1)C2,"456199",574,Done,5.09,-4.62948,"5edu_chain-A_Grid",-4.62948,-1.02335,0,-0,-0.958174,-33.1232,-7.08028,0.59397,-0.523722,-53.097,-40.2035,1.56662
COc1cc(N[C@H](C)CCC[NH3+])c2ncccc2c1,"4908",575,Done,5.03,-4.8481,"5edu_chain-A_Grid",-4.8487,-1.35934,-0.2,-0,-1.82118,-25.202,-7.62908,1.04455,-0.108276,-45.1117,-32.8311,3.73303
COc1cc(N[C@@H](C)CCC[NH3+])c2ncccc2c1,"4908",576,Done,4.31,-4.31179,"5edu_chain-A_Grid",-4.31239,-1.03889,-0.2,-0,-1.80892,-22.4506,-7.23725,1.04455,-0.101013,-38.4789,-29.6879,6.00864
CCC(CC)COC(=O)[C@H](C)N[P@](=O)(OC[C@H]1O[C@@](C#N)(c2ccc3c(N)ncnn23)[C@H](O)[C@@H]1O)Oc1ccccc1,"121304016",577,Done,14.91,-4.91331,"5edu_chain-A_Grid",-4.94951,-1.02599,-0.221336,-0,-0.401504,-38.2508,-12.6783,0.517858,-0.00425277,-62.0307,-50.9292,8.76272
CCC(CC)COC(=O)[C@H](C)[N-][P@](=O)(OC[C@H]1O[C@@](C#N)(c2ccc3c(N)ncnn23)[C@H](O)[C@@H]1O)Oc1ccccc1,"121304016",578,Done,16.21,-3.2919,"5edu_chain-A_Grid",-4.9712,-0.971383,-0.266924,-0,-0.326479,-38.2556,-13.3462,0.520641,-0.0123369,-64.2822,-51.6018,4.27366
CN(C)C(=O)c1cc2cnc(Nc3ccc(N4CC[NH2+]CC4)cn3)nc2n1C1CCCC1,"44631912",579,Done,4.14,-3.16487,"5edu_chain-A_Grid",-3.18977,-0.545192,0,-0,-0.630493,-27.963,-7.36935,0.525178,-0.0357116,-40.0819,-35.3323,7.30129
CN(C)C(=O)c1cc2cnc(Nc3ccc(N4CCNCC4)cn3)nc2n1C1CCCC1,"44631912",580,Done,3.81,-0.756676,"5edu_chain-A_Grid",-2.72128,-0.503699,-0.164523,-0,-0.653312,-26.7401,-3.57014,0.527389,-0.054605,-34.4406,-30.3103,2.85895
Nc1nc2ccc(OC(F)(F)F)cc2s1,"5070",598,Done,1.31,-4.51869,"5edu_chain-A_Grid",-4.52019,-1.10444,-0.268126,-0,-1.91144,-22.7257,-2.50483,0.313022,-0.0371902,-31.5336,-25.2306,0.0798626
[NH3+][C@@H]1c2cccnc2[C@H](OC(=O)N2CCC(n3c(=O)[nH]c4ncccc43)CC2)CC[C@H]1c1cccc(F)c1F,"51049968",599,Done,2.44,-4.91949,"5edu_chain-A_Grid",-5.06089,-0.854967,-0.620877,-0,-0.309061,-36.3035,-11.4208,0.359885,-0.107578,-61.3843,-47.7242,5.8915
N[C@@H]1c2cccnc2[C@H](OC(=O)N2CCC(n3c(=O)[nH]c4ncccc43)CC2)CC[C@H]1c1cccc(F)c1F,"51049968",600,Done,2.41,-3.20715,"5edu_chain-A_Grid",-4.13135,-1.66752,0,-0,-0.392082,-44.7016,-1.11637,0.361136,-0.030347,-57.1539,-45.818,0.788554
[NH3+][C@@H]1c2cccnc2[C@H](OC(=O)N2CCC(n3c(=O)[n-]c4ncccc43)CC2)CC[C@H]1c1cccc(F)c1F,"51049968",601,Done,2.75,-0.230216,"5edu_chain-A_Grid",-4.26862,-0.723611,-0.281579,-0,-0.287577,-33.0473,-10.6681,0.361136,-0.0844137,-58.1137,-43.7153,3.35683
N[C@@H]1c2cccnc2[C@H](OC(=O)N2CCC(n3c(=O)[n-]c4ncccc43)CC2)CC[C@H]1c1cccc(F)c1F,"51049968",602,Done,2.03,0.281428,"5edu_chain-A_Grid",-4.53977,-1.47807,-0.174124,-0,-0.46711,-40.954,-4.48229,0.362394,-0.062822,-57.55,-45.4363,2.05927
Cc1nc2n(c(=O)c1CC[NH+]1CCC(c3noc4cc(F)ccc34)CC1)CCCC2,"5073",603,Done,1.75,-3.90572,"5edu_chain-A_Grid",-4.03982,-1.54142,0,-0,-0.781202,-27.9426,-5.08286,0.465613,-0.0232523,-41.7561,-33.0255,2.08269
Cc1nc2n(c(=O)c1CCN1CCC(c3noc4cc(F)ccc34)CC1)CCCC2,"5073",604,Done,2.18,-3.3449,"5edu_chain-A_Grid",-4.2911,-1.35684,-0.148958,-0,-0.896809,-31.5163,-4.72102,0.467678,-0.0722089,-43.0823,-36.2374,4.83696
N#CC[C@H](C1CCCC1)n1cc(-c2ncnc3[nH]ccc23)cn1,"25126798",605,Done,2.06,-5.95361,"5edu_chain-A_Grid",-5.95371,-1.72392,-0.398983,-0,-1.50357,-27.0944,-9.48523,0.59038,-0.140109,-50.2847,-36.5796,1.98768
O=C(/C=C\n1cnc(-c2cc(C(F)(F)F)cc(C(F)(F)F)c2)n1)NNc1cnccn1,"71481097",606,Done,1.41,-2.9437,"5edu_chain-A_Grid",-2.968,-0.687818,0,-0,-0.65783,-27.7753,-4.58813,0.508614,-0.0539858,-34.5116,-32.3634,6.42203
O=C(/C=C\n1cnc(-c2cc(C(F)(F)F)cc(C(F)(F)F)c2)n1)N[N-]c1cnccn1,"71481097",607,Done,1.46,-2.04167,"5edu_chain-A_Grid",-3.95437,-0.626281,-0.32,-0,-1.20268,-31.523,-4.65575,0.51072,-0.041612,-42.9412,-36.1787,5.51961
C[C@H](Cc1cc2c(c(C(N)=O)c1)N(CCCO)CC2)[NH2+]CCOc1ccccc1OCC(F)(F)F,"5312125",608,Done,14.57,-7.65225,"5edu_chain-A_Grid",-7.71905,-1.8082,-0.496007,-2.3,-0.0235743,-29.3272,-17.4178,0.992544,-0.00477908,-63.8025,-46.745,13.1526
C[C@H](Cc1cc2c(c(C(N)=O)c1)N(CCCO)CC2)NCCOc1ccccc1OCC(F)(F)F,"5312125",609,Done,15.04,-5.01803,"5edu_chain-A_Grid",-6.34513,-1.02269,-0.515051,-1.98751,-0.0304467,-33.2411,-13.5611,0.996246,-0.0894639,-55.9904,-46.8022,19.0639
O=C(O[C@H]1C[N@H+]2CC[C@@H]1CC2)N1CCc2ccccc2[C@@H]1c1ccccc1,"154059",611,Done,2.13,-4.80985,"5edu_chain-A_Grid",-4.86035,-1.01256,-0.32,-0,-1.66782,-26.3032,-7.35439,0.581742,-0.0233965,-45.2782,-33.6576,1.83677
O=C(O[C@H]1CN2CCC1CC2)N1CCc2ccccc2[C@@H]1c1ccccc1,"154059",612,Done,1.84,-2.61196,"5edu_chain-A_Grid",-4.09626,-1.80127,-0.12316,-0,-1.05428,-29.5251,-1.50552,0.584631,-0.000100835,-38.4,-31.0306,0.951312
C=CC(=O)N1CCN(c2nc(=O)n(-c3c(C)ccnc3C(C)C)c3nc(-c4c(O)cccc4F)c(F)cc23)[C@@H](C)C1,"137278711",613,Done,4.03,-3.12883,"5edu_chain-A_Grid",-3.18443,-0.699999,-0.0591734,-0,-0.0625131,-33.8002,-6.0252,0.250614,-0.0195646,-42.9997,-39.8254,7.14585
C=CC(=O)N1CCN(c2nc(=O)n(-c3c(C)ccnc3C(C)C)c3nc(-c4c([O-])cccc4F)c(F)cc23)[C@@H](C)C1,"137278711",614,Done,3.88,-2.32965,"5edu_chain-A_Grid",-3.75965,-1.03439,-0.185578,-0,-0.0296217,-37.9244,-4.85036,0.252787,-0.139073,-50.1454,-42.7748,1.10311
COc1cc(C)c2c(Oc3cccc(C(F)(F)F)c3)c(OC)cc(N[C@H](C)CCC[NH3+])c2n1,"115358",619,Done,6.79,-5.47723,"5edu_chain-A_Grid",-5.47783,-1.71104,-0.521081,-0,-0.451724,-31.4895,-9.20091,0.560618,-0.4,-54.0885,-40.6904,11.5909
COc1cc(C)c2c(Oc3cccc(C(F)(F)F)c3)c(OC)cc(N[C@@H](C)CCC[NH3+])c2n1,"115358",620,Done,6.66,-4.254,"5edu_chain-A_Grid",-4.2546,-1.05015,-0.2,-0,-1.25192,-28.3965,-5.28882,0.560618,-0.1,-43.0341,-33.6853,7.84449
CC(C)[NH+]1CCN(c2ccc(OC[C@@H]3CO[C@@](Cn4cncn4)(c4ccc(Cl)cc4Cl)O3)cc2)CC1,"480953",622,Done,4.92,-3.84203,"5edu_chain-A_Grid",-4.07923,-1.19169,-0.494402,-0,-0.216526,-29.4298,-7.23792,0.507492,-0.126929,-45.3582,-36.6677,7.13824
CC(C)N1CCN(c2ccc(OC[C@@H]3CO[C@@](Cn4cncn4)(c4ccc(Cl)cc4Cl)O3)cc2)CC1,"480953",623,Done,4.46,-3.14519,"5edu_chain-A_Grid",-3.80209,-1.40563,-0.0618299,-0,-0.823931,-40.2375,-0.0538824,0.509263,0,-47.8912,-40.2914,2.30714
c1ccc2[nH]c(-c3cscn3)nc2c1,"5430",624,Done,0.49,-4.9093,"5edu_chain-A_Grid",-4.9104,-1.13824,-0.197072,-0,-2.10361,-22.7809,-4.91036,0.404118,0,-34.7793,-27.6912,2.43563
c1ccc2[n-]c(-c3cscn3)nc2c1,"5430",625,Done,0.47,1.3151,"5edu_chain-A_Grid",-5.1525,-1.09822,-0.233951,-0,-2.15215,-21.8021,-6.57063,0.407515,0,-37.6359,-28.3727,0.0417886
CC(C)OC(=O)CCC/C=C\C[C@@H]1[C@@H](/C=C/[C@@H](O)COc2cccc(C(F)(F)F)c2)[C@H](O)C[C@@H]1O,"5282226",626,Done,23.61,-4.27608,"5edu_chain-A_Grid",-4.27608,-1.6584,-0.59606,-0,-0.0482727,-28.1032,-10.2884,0.978035,-0.00296578,-46.7516,-38.3916,9.91305
O=C1N(Cc2ccccc2)[C@@H]2[C@H]3CCC[S@+]3C[C@@H]2N1Cc1ccccc1,"23576",627,Done,1.81,-4.75833,"5edu_chain-A_Grid",-4.75833,-2.19117,-0.204449,-0,-1.05863,-29.4211,-2.72661,0.57596,0,-43.6727,-32.1477,0.583155
O=C1N(Cc2ccccc2)[C@@H]2[C@H]3CCC[S@@+]3C[C@@H]2N1Cc1ccccc1,"23576",628,Done,1.72,-4.9644,"5edu_chain-A_Grid",-4.9644,-1.98529,-0.32,-0,-1.08496,-29.5566,-4.48186,0.57596,0,-44.6608,-34.0384,1.88638
O=C1N(Cc2ccccc2)[C@H]2[C@H](C[S@@+]3CCC[C@@H]23)N1Cc1ccccc1,"23576",629,Done,1.72,-4.8275,"5edu_chain-A_Grid",-4.8275,-2.10576,-0.275189,-0,-1.06696,-29.2072,-3.30131,0.57596,0,-43.1014,-32.5085,0.820919
O=C1N(Cc2ccccc2)[C@H]2[C@H](C[S@+]3CCC[C@@H]23)N1Cc1ccccc1,"23576",630,Done,1.6,-4.70241,"5edu_chain-A_Grid",-4.70241,-1.75449,-0.32,-0,-1.05029,-26.7738,-5.43263,0.57596,0,-42.3968,-32.2064,1.128
O=C1N(Cc2ccccc2)[C@@H]2[C@@H](C[S@@+]3CCC[C@H]23)N1Cc1ccccc1,"23576",631,Done,2.43,-4.93337,"5edu_chain-A_Grid",-4.93337,-1.98675,-0.225496,-0,-1.10029,-29.7406,-4.73178,0.57596,0,-44.0977,-34.4724,2.33506
O=C1N(Cc2ccccc2)[C@@H]2[C@@H](C[S@+]3CCC[C@H]23)N1Cc1ccccc1,"23576",632,Done,1.75,-3.298,"5edu_chain-A_Grid",-3.298,-0.681038,0,-0,-0.951298,-24.2136,-6.70341,0.57596,-0.0254318,-38.0957,-30.917,1.46428
O=C1N(Cc2ccccc2)[C@@H]2[C@@H](C[S@@+]3CCC[C@@H]23)N1Cc1ccccc1,"23576",633,Done,1.71,-4.93951,"5edu_chain-A_Grid",-4.93951,-1.91348,-0.293792,-0,-1.09196,-28.7067,-5.20608,0.57596,0,-45.0959,-33.9128,2.17324
O=C1N(Cc2ccccc2)[C@@H]2[C@@H](C[S@+]3CCC[C@@H]23)N1Cc1ccccc1,"23576",634,Done,1.96,-3.94104,"5edu_chain-A_Grid",-3.94104,-1.50454,0,-0,-1.07529,-26.6542,-4.01528,0.57596,-0.00215753,-39.4491,-30.6695,0.826726
CC(C)Oc1ccc(-c2nn([C@@H](C)c3oc4ccc(F)cc4c(=O)c3-c3cccc(F)c3)c3ncnc(N)c23)cc1F,"72950888",635,Done,4.25,-4.91836,"5edu_chain-A_Grid",-4.91846,-2.41784,-0.0186457,-0,-0.191667,-42.4997,-1.58807,0.227815,-0.154923,-55.4455,-44.0877,3.14582
O=C(CCCCCCC(=O)Nc1ccccc1)NO,"5311",640,Done,4.95,-5.25082,"5edu_chain-A_Grid",-5.26482,-1.26935,-0.859923,-2.3,-0.659389,-29.7042,-20.1974,4.57957,-0.240913,-61.0783,-49.9015,11.1048
O=C(CCCCCCC(=O)Nc1ccccc1)N[O-],"5311",641,Done,4.39,-5.90691,"5edu_chain-A_Grid",-5.94111,-0.937328,-0.819538,-1.66124,-1.70421,-17.2465,-25.4789,4.09765,-0.232288,-75.1998,-42.7254,10.1584
COc1cc(C(=O)[N-]S(=O)(=O)c2ccccc2C)ccc1Cc1cn(C)c2ccc(NC(=O)OC3CCCC3)cc12,"5717",642,Done,4.77,-2.47884,"5edu_chain-A_Grid",-2.48044,-1.67193,-0.0110032,-0,1.72752,-35.7466,-8.00199,0.474355,-0.0117519,-40.677,-43.7486,10.3777
